"","sampling_date","site","flux_type","sampling_zone","type_zone","vegetated","microsite","co2_mg_c_m2_h","ch4_mg_c_m2_h","n2o_mg_m2_h","er_mg_c_m2_h","gpp_mg_c_m2_h","vwc_percent_mean","frost_cm_mean","soil_temp_surface_degc","t_air_mean","par_mean","green_perc","tsurf_water_degc","ec_water_uscm","ph_water","do_mg_l","doc_mg_l","tn_ug_l","tdn_ug_l","no3_ug_l","nh4_ug_l","tp_ug_l","tdp_ug_l","po4_ug_l","max_depth_cm","area_km2","zone_depth_m"
"1",2022-06-09,"BB","lake","disturbed","lake_disturbed",NA,"1",12.67066856,0.920887196,0.002963797,NA,NA,NA,NA,NA,NA,NA,NA,0,40,6.2,NA,NA,NA,NA,NA,NA,NA,NA,NA,160,0.0661,0.24
"2",2022-06-09,"BB","lake","undisturbed","lake_undisturbed",NA,"4",6.23181228,0.167416258,-3.15e-05,NA,NA,NA,NA,NA,NA,NA,NA,NA,50,NA,NA,NA,NA,NA,NA,NA,NA,NA,NA,160,0.0661,0.32
"3",2022-06-09,"BB","lake","undisturbed","lake_undisturbed",NA,"3",5.124806521,0.215469484,-0.003311857,NA,NA,NA,NA,NA,NA,NA,NA,NA,50,NA,NA,NA,NA,NA,NA,NA,NA,NA,NA,160,0.0661,0.32
"4",2022-06-09,"BB","lake","disturbed","lake_disturbed",NA,"4",13.2811365,0.206086778,-0.000719656,NA,NA,NA,NA,NA,NA,NA,NA,0,40,6.2,NA,NA,NA,NA,NA,NA,NA,NA,NA,160,0.0661,0.24
"5",2022-06-09,"BB","lake","disturbed","lake_disturbed",NA,"2",5.927123952,0.262630861,0.007311427,NA,NA,NA,NA,NA,NA,NA,NA,0,40,6.2,NA,NA,NA,NA,NA,NA,NA,NA,NA,160,0.0661,0.24
"6",2022-06-09,"BB","lake","disturbed","lake_disturbed",NA,"3",13.91711243,0.225232552,0.224177193,NA,NA,NA,NA,NA,NA,NA,NA,0,40,6.2,NA,NA,NA,NA,NA,NA,NA,NA,NA,160,0.0661,0.24
"7",2022-06-09,"BB","lake","undisturbed","lake_undisturbed",NA,"2",4.4392113,0.184155271,-0.003328227,NA,NA,NA,NA,NA,NA,NA,NA,NA,50,NA,NA,NA,NA,NA,NA,NA,NA,NA,NA,160,0.0661,0.32
"8",2022-06-09,"BB","lake","undisturbed","lake_undisturbed",NA,"1",2.451765702,0.097184977,-0.015669967,NA,NA,NA,NA,NA,NA,NA,NA,NA,50,NA,NA,NA,NA,NA,NA,NA,NA,NA,NA,160,0.0661,0.32
"9",2022-06-12,"LB","lake","disturbed","lake_disturbed",NA,"4",17.90016412,0.081414568,0.01442853,NA,NA,NA,NA,NA,NA,NA,NA,NA,60,7,NA,NA,NA,NA,NA,NA,NA,NA,NA,260,0.0071,0.37
"10",2022-06-12,"LB","lake","disturbed","lake_disturbed",NA,"3",19.10304399,0.24159342,0.006163492,NA,NA,NA,NA,NA,NA,NA,NA,NA,60,7,NA,NA,NA,NA,NA,NA,NA,NA,NA,260,0.0071,0.37
"11",2022-06-12,"LB","lake","undisturbed","lake_undisturbed",NA,"2",21.35729523,0.064675597,0.006357802,NA,NA,NA,NA,NA,NA,NA,NA,NA,60,7.8,NA,NA,NA,NA,NA,NA,NA,NA,NA,260,0.0071,0.26
"12",2022-06-12,"LB","lake","undisturbed","lake_undisturbed",NA,"3",23.56089949,0.079828283,0.003593146,NA,NA,NA,NA,NA,NA,NA,NA,NA,60,7.8,NA,NA,NA,NA,NA,NA,NA,NA,NA,260,0.0071,0.26
"13",2022-06-12,"LB","lake","disturbed","lake_disturbed",NA,"2",19.70129148,0.108312323,-0.005021477,NA,NA,NA,NA,NA,NA,NA,NA,NA,60,7,NA,NA,NA,NA,NA,NA,NA,NA,NA,260,0.0071,0.37
"14",2022-06-12,"LB","lake","undisturbed","lake_undisturbed",NA,"1",17.29951753,0.037247686,-0.031923309,NA,NA,NA,NA,NA,NA,NA,NA,NA,60,7.8,NA,NA,NA,NA,NA,NA,NA,NA,NA,260,0.0071,0.26
"15",2022-06-12,"LB","lake","undisturbed","lake_undisturbed",NA,"4",22.0503884,0.052785021,0.003971849,NA,NA,NA,NA,NA,NA,NA,NA,NA,60,7.8,NA,NA,NA,NA,NA,NA,NA,NA,NA,260,0.0071,0.26
"16",2022-06-12,"LB","lake","disturbed","lake_disturbed",NA,"1",28.13902743,0.083404182,0.00120485,NA,NA,NA,NA,NA,NA,NA,NA,NA,60,7,NA,NA,NA,NA,NA,NA,NA,NA,NA,260,0.0071,0.37
"17",2022-06-16,"BB","lake","disturbed","lake_disturbed",NA,"4",-3.989608627,0.181693387,0.014594353,NA,NA,NA,NA,NA,NA,NA,NA,1,60,6.9,NA,NA,NA,NA,NA,NA,NA,NA,NA,160,0.0661,0.24
"18",2022-06-16,"BB","lake","undisturbed","lake_undisturbed",NA,"2",9.42555569,0.400174443,-0.009514734,NA,NA,NA,NA,NA,NA,NA,NA,4,70,6.9,NA,NA,NA,NA,NA,NA,NA,NA,NA,160,0.0661,0.32
"19",2022-06-16,"BB","lake","undisturbed","lake_undisturbed",NA,"3",11.24675516,0.806044724,-0.002732635,NA,NA,NA,NA,NA,NA,NA,NA,4,70,6.9,NA,NA,NA,NA,NA,NA,NA,NA,NA,160,0.0661,0.32
"20",2022-06-16,"BB","lake","disturbed","lake_disturbed",NA,"3",-2.462309482,0.405496487,-4.43e-05,NA,NA,NA,NA,NA,NA,NA,NA,1,60,6.9,NA,NA,NA,NA,NA,NA,NA,NA,NA,160,0.0661,0.24
"21",2022-06-16,"BB","lake","undisturbed","lake_undisturbed",NA,"1",10.42616472,0.388922355,0.010683182,NA,NA,NA,NA,NA,NA,NA,NA,4,70,6.9,NA,NA,NA,NA,NA,NA,NA,NA,NA,160,0.0661,0.32
"22",2022-06-16,"LB","lake","disturbed","lake_disturbed",NA,"3",-4.166830905,0.39042296,-0.117048366,NA,NA,NA,NA,NA,NA,NA,NA,3,60,8.2,NA,NA,NA,NA,NA,NA,NA,NA,NA,260,0.0071,0.37
"23",2022-06-16,"BB","lake","undisturbed","lake_undisturbed",NA,"4",6.198812135,0.223456718,0.000951834,NA,NA,NA,NA,NA,NA,NA,NA,4,70,6.9,NA,NA,NA,NA,NA,NA,NA,NA,NA,160,0.0661,0.32
"24",2022-06-16,"BB","lake","disturbed","lake_disturbed",NA,"2",-6.071092442,0.199654548,0.002612562,NA,NA,NA,NA,NA,NA,NA,NA,1,60,6.9,NA,NA,NA,NA,NA,NA,NA,NA,NA,160,0.0661,0.24
"25",2022-06-16,"BB","lake","disturbed","lake_disturbed",NA,"1",-4.948402139,6.024573012,0.00574986,NA,NA,NA,NA,NA,NA,NA,NA,1,60,6.9,NA,NA,NA,NA,NA,NA,NA,NA,NA,160,0.0661,0.24
"26",2022-06-16,"LB","lake","disturbed","lake_disturbed",NA,"2",11.82325292,0.753678367,-0.006139238,NA,NA,NA,NA,NA,NA,NA,NA,3,60,8.2,NA,NA,NA,NA,NA,NA,NA,NA,NA,260,0.0071,0.37
"27",2022-06-16,"LB","lake","disturbed","lake_disturbed",NA,"4",-0.978532494,0.299899577,0.000724804,NA,NA,NA,NA,NA,NA,NA,NA,3,60,8.2,NA,NA,NA,NA,NA,NA,NA,NA,NA,260,0.0071,0.37
"28",2022-06-16,"LB","lake","undisturbed","lake_undisturbed",NA,"4",14.18850663,0.599305391,-0.005411257,NA,NA,NA,NA,NA,NA,NA,NA,5,70,7,NA,NA,NA,NA,NA,NA,NA,NA,NA,260,0.0071,0.26
"29",2022-06-16,"LB","lake","disturbed","lake_disturbed",NA,"1",0.836840766,0.629852134,-0.000530964,NA,NA,NA,NA,NA,NA,NA,NA,3,60,8.2,NA,NA,NA,NA,NA,NA,NA,NA,NA,260,0.0071,0.37
"30",2022-06-16,"LB","lake","undisturbed","lake_undisturbed",NA,"2",18.72729363,1.007099493,0.004710426,NA,NA,NA,NA,NA,NA,NA,NA,5,70,7,NA,NA,NA,NA,NA,NA,NA,NA,NA,260,0.0071,0.26
"31",2022-06-16,"LB","lake","undisturbed","lake_undisturbed",NA,"3",19.70906207,0.98311168,0.003735624,NA,NA,NA,NA,NA,NA,NA,NA,5,70,7,NA,NA,NA,NA,NA,NA,NA,NA,NA,260,0.0071,0.26
"32",2022-06-16,"LB","lake","undisturbed","lake_undisturbed",NA,"1",18.36572997,1.010503689,0.000675235,NA,NA,NA,NA,NA,NA,NA,NA,5,70,7,NA,NA,NA,NA,NA,NA,NA,NA,NA,260,0.0071,0.26
"33",2022-06-23,"LB","lake","disturbed","lake_disturbed",NA,"3",7.55821995,0.25886532,0.00283792,NA,NA,NA,NA,NA,NA,NA,NA,13,50,7.2,NA,NA,NA,NA,NA,NA,NA,NA,NA,260,0.0071,0.37
"34",2022-06-23,"LB","lake","disturbed","lake_disturbed",NA,"2",14.205277,0.248145987,-0.002845657,NA,NA,NA,NA,NA,NA,NA,NA,13,50,7.2,NA,NA,NA,NA,NA,NA,NA,NA,NA,260,0.0071,0.37
"35",2022-06-23,"LB","lake","undisturbed","lake_undisturbed",NA,"1",14.17540616,0.109014949,0.002042104,NA,NA,NA,NA,NA,NA,NA,NA,12,60,7.9,NA,NA,NA,NA,NA,NA,NA,NA,NA,260,0.0071,0.26
"36",2022-06-23,"LB","lake","disturbed","lake_disturbed",NA,"4",11.3592898,0.278426136,-0.014197179,NA,NA,NA,NA,NA,NA,NA,NA,13,50,7.2,NA,NA,NA,NA,NA,NA,NA,NA,NA,260,0.0071,0.37
"37",2022-06-23,"LB","lake","undisturbed","lake_undisturbed",NA,"4",10.32187251,0.054546765,NA,NA,NA,NA,NA,NA,NA,NA,NA,12,60,7.9,NA,NA,NA,NA,NA,NA,NA,NA,NA,260,0.0071,0.26
"38",2022-06-23,"LB","lake","disturbed","lake_disturbed",NA,"1",9.857723279,0.188596629,0.00156539,NA,NA,NA,NA,NA,NA,NA,NA,13,50,7.2,NA,NA,NA,NA,NA,NA,NA,NA,NA,260,0.0071,0.37
"39",2022-06-23,"LB","lake","undisturbed","lake_undisturbed",NA,"2",13.76832416,0.144810823,0.002810917,NA,NA,NA,NA,NA,NA,NA,NA,12,60,7.9,NA,NA,NA,NA,NA,NA,NA,NA,NA,260,0.0071,0.26
"40",2022-06-23,"LB","lake","undisturbed","lake_undisturbed",NA,"3",9.213180196,0.061468379,-0.051553849,NA,NA,NA,NA,NA,NA,NA,NA,12,60,7.9,NA,NA,NA,NA,NA,NA,NA,NA,NA,260,0.0071,0.26
"41",2022-06-24,"BB","lake","disturbed","lake_disturbed",NA,"2",11.29100694,0.209517955,0.001760274,NA,NA,NA,NA,NA,NA,NA,NA,9,90,8.4,NA,NA,NA,NA,NA,NA,NA,NA,NA,160,0.0661,0.24
"42",2022-06-24,"BB","lake","disturbed","lake_disturbed",NA,"1",9.192224987,0.996501225,0.00104406,NA,NA,NA,NA,NA,NA,NA,NA,9,90,8.4,NA,NA,NA,NA,NA,NA,NA,NA,NA,160,0.0661,0.24
"43",2022-06-24,"BB","lake","undisturbed","lake_undisturbed",NA,"1",26.7677513,0.271418548,0.000367967,NA,NA,NA,NA,NA,NA,NA,NA,7,90,7.3,NA,NA,NA,NA,NA,NA,NA,NA,NA,160,0.0661,0.32
"44",2022-06-24,"BB","lake","disturbed","lake_disturbed",NA,"4",21.63842478,0.222071274,0.002295413,NA,NA,NA,NA,NA,NA,NA,NA,9,90,8.4,NA,NA,NA,NA,NA,NA,NA,NA,NA,160,0.0661,0.24
"45",2022-06-24,"BB","lake","undisturbed","lake_undisturbed",NA,"4",8.798512928,-0.526683234,0.00026672,NA,NA,NA,NA,NA,NA,NA,NA,7,90,7.3,NA,NA,NA,NA,NA,NA,NA,NA,NA,160,0.0661,0.32
"46",2022-06-24,"BB","lake","disturbed","lake_disturbed",NA,"3",37.06552186,0.392592327,-0.000591731,NA,NA,NA,NA,NA,NA,NA,NA,9,90,8.4,NA,NA,NA,NA,NA,NA,NA,NA,NA,160,0.0661,0.24
"47",2022-06-24,"BB","lake","undisturbed","lake_undisturbed",NA,"2",26.52147041,-0.616146815,0.014263098,NA,NA,NA,NA,NA,NA,NA,NA,7,90,7.3,NA,NA,NA,NA,NA,NA,NA,NA,NA,160,0.0661,0.32
"48",2022-06-24,"BB","lake","undisturbed","lake_undisturbed",NA,"3",34.57511949,NA,-0.135130281,NA,NA,NA,NA,NA,NA,NA,NA,7,90,7.3,NA,NA,NA,NA,NA,NA,NA,NA,NA,160,0.0661,0.32
"49",2022-07-01,"LB","lake","disturbed","lake_disturbed",NA,"4",13.43300311,0.179478905,-0.000862757,NA,NA,NA,NA,NA,NA,NA,NA,19.4,60,7.4,6.3,NA,NA,NA,NA,NA,NA,NA,NA,260,0.0071,0.37
"50",2022-07-01,"LB","lake","disturbed","lake_disturbed",NA,"2",17.29374843,11.82551877,-0.003276961,NA,NA,NA,NA,NA,NA,NA,NA,19.4,60,7.4,6.3,NA,NA,NA,NA,NA,NA,NA,NA,260,0.0071,0.37
"51",2022-07-01,"LB","lake","disturbed","lake_disturbed",NA,"3",16.99887188,0.695532501,0.000565684,NA,NA,NA,NA,NA,NA,NA,NA,19.4,60,7.4,6.3,NA,NA,NA,NA,NA,NA,NA,NA,260,0.0071,0.37
"52",2022-07-01,"LB","lake","undisturbed","lake_undisturbed",NA,"4",3.933895293,0.067980269,0.003402425,NA,NA,NA,NA,NA,NA,NA,NA,19.6,70,8.3,NA,NA,NA,NA,NA,NA,NA,NA,NA,260,0.0071,0.26
"53",2022-07-01,"LB","lake","disturbed","lake_disturbed",NA,"1",7.8110195,0.068179904,-0.00430254,NA,NA,NA,NA,NA,NA,NA,NA,19.4,60,7.4,6.3,NA,NA,NA,NA,NA,NA,NA,NA,260,0.0071,0.37
"54",2022-07-01,"LB","lake","undisturbed","lake_undisturbed",NA,"1",4.823836203,0.064659974,-0.058747791,NA,NA,NA,NA,NA,NA,NA,NA,19.6,70,8.3,NA,NA,NA,NA,NA,NA,NA,NA,NA,260,0.0071,0.26
"55",2022-07-01,"LB","lake","undisturbed","lake_undisturbed",NA,"3",4.644569406,0.017334667,-0.000374904,NA,NA,NA,NA,NA,NA,NA,NA,19.6,70,8.3,NA,NA,NA,NA,NA,NA,NA,NA,NA,260,0.0071,0.26
"56",2022-07-01,"LB","lake","undisturbed","lake_undisturbed",NA,"2",5.08190328,0.068743556,-0.001806267,NA,NA,NA,NA,NA,NA,NA,NA,19.6,70,8.3,NA,NA,NA,NA,NA,NA,NA,NA,NA,260,0.0071,0.26
"57",2022-07-02,"BB","lake","disturbed","lake_disturbed",NA,"2",5.759127591,0.114552308,-0.002628724,NA,NA,NA,NA,NA,NA,NA,NA,19.8,100,7.3,3.1,NA,NA,NA,NA,NA,NA,NA,NA,160,0.0661,0.24
"58",2022-07-02,"BB","lake","disturbed","lake_disturbed",NA,"3",3.403899796,0.048168948,-0.006060068,NA,NA,NA,NA,NA,NA,NA,NA,19.8,100,7.3,3.1,NA,NA,NA,NA,NA,NA,NA,NA,160,0.0661,0.24
"59",2022-07-02,"BB","lake","undisturbed","lake_undisturbed",NA,"4",-5.207841427,0.132270186,-0.116535925,NA,NA,NA,NA,NA,NA,NA,NA,19.5,100,8.8,5,NA,NA,NA,NA,NA,NA,NA,NA,160,0.0661,0.32
"60",2022-07-02,"BB","lake","disturbed","lake_disturbed",NA,"1",0.063086682,0.077797156,-0.005459516,NA,NA,NA,NA,NA,NA,NA,NA,19.8,100,7.3,3.1,NA,NA,NA,NA,NA,NA,NA,NA,160,0.0661,0.24
"61",2022-07-02,"BB","lake","undisturbed","lake_undisturbed",NA,"1",-0.396312644,0.011714787,-0.009159859,NA,NA,NA,NA,NA,NA,NA,NA,19.5,100,8.8,5,NA,NA,NA,NA,NA,NA,NA,NA,160,0.0661,0.32
"62",2022-07-02,"BB","lake","disturbed","lake_disturbed",NA,"4",1.857300454,0.071550372,0.000727878,NA,NA,NA,NA,NA,NA,NA,NA,19.8,100,7.3,3.1,NA,NA,NA,NA,NA,NA,NA,NA,160,0.0661,0.24
"63",2022-07-02,"BB","lake","undisturbed","lake_undisturbed",NA,"3",0.894360213,0.045200578,-0.013112086,NA,NA,NA,NA,NA,NA,NA,NA,19.5,100,8.8,5,NA,NA,NA,NA,NA,NA,NA,NA,160,0.0661,0.32
"64",2022-07-02,"BB","lake","undisturbed","lake_undisturbed",NA,"2",0.602707484,0.052907506,0.000306104,NA,NA,NA,NA,NA,NA,NA,NA,19.5,100,8.8,5,NA,NA,NA,NA,NA,NA,NA,NA,160,0.0661,0.32
"65",2022-07-24,"BB","lake","undisturbed","lake_undisturbed",NA,"3",-0.653839183,0.092959375,0.007891725,NA,NA,NA,NA,NA,NA,NA,NA,16.5,110,8.8,6.6,NA,NA,NA,NA,NA,NA,NA,NA,160,0.0661,0.32
"66",2022-07-24,"BB","lake","disturbed","lake_disturbed",NA,"3",14.61635269,0.175271429,0.008518181,NA,NA,NA,NA,NA,NA,NA,NA,18.2,90,7.7,5.6,NA,NA,NA,NA,NA,NA,NA,NA,160,0.0661,0.24
"67",2022-07-24,"BB","lake","undisturbed","lake_undisturbed",NA,"1",2.584714458,0.046028125,0.005155561,NA,NA,NA,NA,NA,NA,NA,NA,16.5,110,8.8,6.6,NA,NA,NA,NA,NA,NA,NA,NA,160,0.0661,0.32
"68",2022-07-24,"BB","lake","undisturbed","lake_undisturbed",NA,"2",3.691206225,0.076324763,0.005196607,NA,NA,NA,NA,NA,NA,NA,NA,16.5,110,8.8,6.6,NA,NA,NA,NA,NA,NA,NA,NA,160,0.0661,0.32
"69",2022-07-24,"BB","lake","undisturbed","lake_undisturbed",NA,"4",7.399540201,0.034491883,0.007794543,NA,NA,NA,NA,NA,NA,NA,NA,16.5,110,8.8,6.6,NA,NA,NA,NA,NA,NA,NA,NA,160,0.0661,0.32
"70",2022-07-24,"BB","lake","disturbed","lake_disturbed",NA,"1",9.430478927,11.06289145,0.011146246,NA,NA,NA,NA,NA,NA,NA,NA,18.2,90,7.7,5.6,NA,NA,NA,NA,NA,NA,NA,NA,160,0.0661,0.24
"71",2022-07-24,"BB","lake","disturbed","lake_disturbed",NA,"4",10.70524751,0.124789231,0.009157614,NA,NA,NA,NA,NA,NA,NA,NA,18.2,90,7.7,5.6,NA,NA,NA,NA,NA,NA,NA,NA,160,0.0661,0.24
"72",2022-07-24,"BB","lake","disturbed","lake_disturbed",NA,"2",7.161099272,0.164250748,-0.063758499,NA,NA,NA,NA,NA,NA,NA,NA,18.2,90,7.7,5.6,NA,NA,NA,NA,NA,NA,NA,NA,160,0.0661,0.24
"73",2022-07-25,"LB","lake","disturbed","lake_disturbed",NA,"2",19.5171624,0.331249065,-0.002724799,NA,NA,NA,NA,NA,NA,NA,NA,16.4,70,7,5.6,NA,NA,NA,NA,NA,NA,NA,NA,260,0.0071,0.37
"74",2022-07-25,"LB","lake","disturbed","lake_disturbed",NA,"1",22.72708827,0.560944805,-0.006317116,NA,NA,NA,NA,NA,NA,NA,NA,16.4,70,7,5.6,NA,NA,NA,NA,NA,NA,NA,NA,260,0.0071,0.37
"75",2022-07-25,"LB","lake","disturbed","lake_disturbed",NA,"3",19.27396366,24.77884573,0.012471832,NA,NA,NA,NA,NA,NA,NA,NA,16.4,70,7,5.6,NA,NA,NA,NA,NA,NA,NA,NA,260,0.0071,0.37
"76",2022-07-25,"LB","lake","disturbed","lake_disturbed",NA,"4",5.4066894,0.655360402,-0.106500705,NA,NA,NA,NA,NA,NA,NA,NA,16.4,70,7,5.6,NA,NA,NA,NA,NA,NA,NA,NA,260,0.0071,0.37
"77",2022-07-25,"LB","lake","undisturbed","lake_undisturbed",NA,"4",2.992310722,0.042575982,-0.002034845,NA,NA,NA,NA,NA,NA,NA,NA,14.7,40,7.6,NA,NA,NA,NA,NA,NA,NA,NA,NA,260,0.0071,0.26
"78",2022-07-25,"LB","lake","undisturbed","lake_undisturbed",NA,"1",3.140244782,0.004260794,-0.000181863,NA,NA,NA,NA,NA,NA,NA,NA,14.7,40,7.6,NA,NA,NA,NA,NA,NA,NA,NA,NA,260,0.0071,0.26
"79",2022-07-25,"LB","lake","undisturbed","lake_undisturbed",NA,"2",4.311158939,0.080709787,-0.008520839,NA,NA,NA,NA,NA,NA,NA,NA,14.7,40,7.6,NA,NA,NA,NA,NA,NA,NA,NA,NA,260,0.0071,0.26
"80",2022-07-25,"LB","lake","undisturbed","lake_undisturbed",NA,"3",1.952276588,0.062505342,-0.009389056,NA,NA,NA,NA,NA,NA,NA,NA,14.7,40,7.6,NA,NA,NA,NA,NA,NA,NA,NA,NA,260,0.0071,0.26
"81",2022-08-24,"BB","lake","disturbed","lake_disturbed",NA,"4",12.39118997,NA,NA,NA,NA,NA,NA,NA,NA,NA,NA,6,170,NA,NA,14.1,740.36388,648.02388,4.711111111,31.9,32.6008,15.0576,4.8469,160,0.0661,0.24
"82",2022-08-24,"LB","lake","disturbed","lake_disturbed",NA,"4",4.568182897,-0.024464685,0.00688813,NA,NA,NA,NA,NA,NA,NA,NA,5,90,NA,NA,29.2,815.60388,742.64388,2.966666667,8.87,16.8425,10.9649,1.8041,260,0.0071,0.37
"83",2022-08-24,"LB","lake","disturbed","lake_disturbed",NA,"3",6.924163797,0.652042848,0.014295519,NA,NA,NA,NA,NA,NA,NA,NA,5,90,NA,NA,29.2,815.60388,742.64388,2.966666667,8.87,16.8425,10.9649,1.8041,260,0.0071,0.37
"84",2022-08-24,"BB","lake","undisturbed","lake_undisturbed",NA,"3",2.19876571,0.008985556,-0.009202519,NA,NA,NA,NA,NA,NA,NA,NA,10.6,160,NA,3.5,15.9,717.56388,658.28388,2.444444444,5.16,40.097,22.5253,9.2074,160,0.0661,0.32
"85",2022-08-24,"BB","lake","undisturbed","lake_undisturbed",NA,"4",4.706387924,-0.018624993,0.008968156,NA,NA,NA,NA,NA,NA,NA,NA,10.6,160,NA,3.5,15.9,717.56388,658.28388,2.444444444,5.16,40.097,22.5253,9.2074,160,0.0661,0.32
"86",2022-08-24,"BB","lake","disturbed","lake_disturbed",NA,"3",15.16206234,-0.028634248,0.005572356,NA,NA,NA,NA,NA,NA,NA,NA,6,170,NA,NA,14.1,740.36388,648.02388,4.711111111,31.9,32.6008,15.0576,4.8469,160,0.0661,0.24
"87",2022-08-24,"LB","lake","undisturbed","lake_undisturbed",NA,"2",4.667449155,-0.037531447,0.00575272,NA,NA,NA,NA,NA,NA,NA,NA,7,90,NA,NA,NA,755.18388,773.42388,3.355555556,12.5,15.9379,12.0151,3.3753,260,0.0071,0.26
"88",2022-08-24,"LB","lake","undisturbed","lake_undisturbed",NA,"3",3.395290767,-0.047193328,0.004816931,NA,NA,NA,NA,NA,NA,NA,NA,7,90,NA,NA,NA,755.18388,773.42388,3.355555556,12.5,15.9379,12.0151,3.3753,260,0.0071,0.26
"89",2022-08-24,"LB","lake","undisturbed","lake_undisturbed",NA,"4",4.180318287,-1.742762355,0.009699092,NA,NA,NA,NA,NA,NA,NA,NA,7,90,NA,NA,NA,755.18388,773.42388,3.355555556,12.5,15.9379,12.0151,3.3753,260,0.0071,0.26
"90",2022-08-24,"LB","lake","disturbed","lake_disturbed",NA,"2",7.605431157,-0.126455491,0.009345411,NA,NA,NA,NA,NA,NA,NA,NA,5,90,NA,NA,29.2,815.60388,742.64388,2.966666667,8.87,16.8425,10.9649,1.8041,260,0.0071,0.37
"91",2022-08-24,"BB","lake","undisturbed","lake_undisturbed",NA,"2",3.315493205,0.084800032,-0.004884054,NA,NA,NA,NA,NA,NA,NA,NA,10.6,160,NA,3.5,15.9,717.56388,658.28388,2.444444444,5.16,40.097,22.5253,9.2074,160,0.0661,0.32
"92",2022-08-24,"BB","lake","disturbed","lake_disturbed",NA,"2",15.4044364,NA,NA,NA,NA,NA,NA,NA,NA,NA,NA,6,170,NA,NA,14.1,740.36388,648.02388,4.711111111,31.9,32.6008,15.0576,4.8469,160,0.0661,0.24
"93",2022-08-24,"LB","lake","undisturbed","lake_undisturbed",NA,"1",3.983172742,-0.019627202,0.001440203,NA,NA,NA,NA,NA,NA,NA,NA,7,90,NA,NA,NA,755.18388,773.42388,3.355555556,12.5,15.9379,12.0151,3.3753,260,0.0071,0.26
"94",2022-08-24,"BB","lake","disturbed","lake_disturbed",NA,"1",11.9435897,4.688018815,NA,NA,NA,NA,NA,NA,NA,NA,NA,6,170,NA,NA,14.1,740.36388,648.02388,4.711111111,31.9,32.6008,15.0576,4.8469,160,0.0661,0.24
"95",2022-08-24,"BB","lake","undisturbed","lake_undisturbed",NA,"1",2.386979807,0.078828308,-0.006372318,NA,NA,NA,NA,NA,NA,NA,NA,10.6,160,NA,3.5,15.9,717.56388,658.28388,2.444444444,5.16,40.097,22.5253,9.2074,160,0.0661,0.32
"96",2022-08-24,"LB","lake","disturbed","lake_disturbed",NA,"1",9.222866231,0.010215807,0.022120722,NA,NA,NA,NA,NA,NA,NA,NA,5,90,NA,NA,29.2,815.60388,742.64388,2.966666667,8.87,16.8425,10.9649,1.8041,260,0.0071,0.37
"97",2022-08-26,"KI","lake","undisturbed","lake_undisturbed",NA,"3",3.505182246,0.03842665,-0.002269725,NA,NA,NA,NA,NA,NA,NA,NA,7,120,NA,NA,21.7,526.04388,527.18388,2.277777778,13.4,20.8889,10.2745,1.3753,190,0.3353,0.35
"98",2022-08-26,"KI","lake","undisturbed","lake_undisturbed",NA,"2",3.121329952,0.196198121,0.000379023,NA,NA,NA,NA,NA,NA,NA,NA,7,120,NA,NA,21.7,526.04388,527.18388,2.277777778,13.4,20.8889,10.2745,1.3753,190,0.3353,0.35
"99",2022-08-26,"KI","lake","undisturbed","lake_undisturbed",NA,"4",2.964631292,1.743401578,-0.00171157,NA,NA,NA,NA,NA,NA,NA,NA,7,120,NA,NA,21.7,526.04388,527.18388,2.277777778,13.4,20.8889,10.2745,1.3753,190,0.3353,0.35
"100",2022-08-26,"KI","lake","undisturbed","lake_undisturbed",NA,"1",3.6415985,0.068880087,0.003309962,NA,NA,NA,NA,NA,NA,NA,NA,7,120,NA,NA,21.7,526.04388,527.18388,2.277777778,13.4,20.8889,10.2745,1.3753,190,0.3353,0.35
"101",2022-08-26,"KI","lake","disturbed","lake_disturbed",NA,"2",6.342940616,0.050057406,-0.008620693,NA,NA,NA,NA,NA,NA,NA,NA,9,110,NA,NA,14.6,495.26388,495.26388,2.488888889,9.91,17.7323,10.81,2.2287,190,0.3353,0.3
"102",2022-08-26,"KI","lake","disturbed","lake_disturbed",NA,"1",3.58230834,-0.006952555,0.047932397,NA,NA,NA,NA,NA,NA,NA,NA,9,110,NA,NA,14.6,495.26388,495.26388,2.488888889,9.91,17.7323,10.81,2.2287,190,0.3353,0.3
"103",2022-08-26,"KI","lake","disturbed","lake_disturbed",NA,"4",-1.686244033,7.609113388,-0.026895055,NA,NA,NA,NA,NA,NA,NA,NA,9,110,NA,NA,14.6,495.26388,495.26388,2.488888889,9.91,17.7323,10.81,2.2287,190,0.3353,0.3
"104",2022-08-26,"KI","lake","disturbed","lake_disturbed",NA,"3",7.006778619,0.033662182,0.0028372,NA,NA,NA,NA,NA,NA,NA,NA,9,110,NA,NA,14.6,495.26388,495.26388,2.488888889,9.91,17.7323,10.81,2.2287,190,0.3353,0.3
"105",2023-06-29,"BB","lake","disturbed","lake_disturbed",NA,"3",61.59573206,0.755559489,0.012443626,NA,NA,NA,NA,NA,NA,NA,NA,22,120,6.5,5.9,NA,NA,NA,NA,NA,NA,NA,NA,160,0.0661,0.24
"106",2023-06-29,"BB","lake","disturbed","lake_disturbed",NA,"4",23.21267541,0.511856388,0.014420469,NA,NA,NA,NA,NA,NA,NA,NA,22,120,6.5,5.9,NA,NA,NA,NA,NA,NA,NA,NA,160,0.0661,0.24
"107",2023-06-29,"BB","lake","disturbed","lake_disturbed",NA,"2",9.641340065,1.821004223,6.51e-05,NA,NA,NA,NA,NA,NA,NA,NA,22,120,6.5,5.9,NA,NA,NA,NA,NA,NA,NA,NA,160,0.0661,0.24
"108",2023-06-29,"BB","lake","undisturbed","lake_undisturbed",NA,"2",3.457549063,0.050821553,-0.001205245,NA,NA,NA,NA,NA,NA,NA,NA,19.1,120,7,3.9,NA,NA,NA,NA,NA,NA,NA,NA,160,0.0661,0.32
"109",2023-06-29,"BB","lake","disturbed","lake_disturbed",NA,"1",8.207133798,0.228525492,-0.002034206,NA,NA,NA,NA,NA,NA,NA,NA,22,120,6.5,5.9,NA,NA,NA,NA,NA,NA,NA,NA,160,0.0661,0.24
"110",2023-06-29,"BB","lake","undisturbed","lake_undisturbed",NA,"1",5.976603598,0.094126603,0.002128286,NA,NA,NA,NA,NA,NA,NA,NA,19.1,120,7,3.9,NA,NA,NA,NA,NA,NA,NA,NA,160,0.0661,0.32
"111",2023-06-29,"BB","lake","undisturbed","lake_undisturbed",NA,"4",7.67472401,0.084153302,0.002852614,NA,NA,NA,NA,NA,NA,NA,NA,19.1,120,7,3.9,NA,NA,NA,NA,NA,NA,NA,NA,160,0.0661,0.32
"112",2023-06-29,"LB","lake","disturbed","lake_disturbed",NA,"2",4.227337319,0.955249726,0.005217918,NA,NA,NA,NA,NA,NA,NA,NA,18.1,120,7.2,5.6,NA,NA,NA,NA,NA,NA,NA,NA,260,0.0071,0.37
"113",2023-06-29,"BB","lake","undisturbed","lake_undisturbed",NA,"3",7.523466324,0.114792275,-0.001734275,NA,NA,NA,NA,NA,NA,NA,NA,19.1,120,7,3.9,NA,NA,NA,NA,NA,NA,NA,NA,160,0.0661,0.32
"114",2023-06-29,"LB","lake","disturbed","lake_disturbed",NA,"1",15.02320909,0.054455495,0.001823273,NA,NA,NA,NA,NA,NA,NA,NA,18.1,120,7.2,5.6,NA,NA,NA,NA,NA,NA,NA,NA,260,0.0071,0.37
"115",2023-06-29,"LB","lake","disturbed","lake_disturbed",NA,"4",3.680595613,3.500186215,0.004619327,NA,NA,NA,NA,NA,NA,NA,NA,18.1,120,7.2,5.6,NA,NA,NA,NA,NA,NA,NA,NA,260,0.0071,0.37
"116",2023-06-29,"LB","lake","undisturbed","lake_undisturbed",NA,"4",2.472637876,0.08996319,0.011843035,NA,NA,NA,NA,NA,NA,NA,NA,20,60,6.6,5.3,NA,NA,NA,NA,NA,NA,NA,NA,260,0.0071,0.26
"117",2023-06-29,"LB","lake","disturbed","lake_disturbed",NA,"3",2.004375015,0.048389618,0.016964149,NA,NA,NA,NA,NA,NA,NA,NA,18.1,120,7.2,5.6,NA,NA,NA,NA,NA,NA,NA,NA,260,0.0071,0.37
"118",2023-06-29,"LB","lake","undisturbed","lake_undisturbed",NA,"3",2.879296584,0.078227684,0.013777204,NA,NA,NA,NA,NA,NA,NA,NA,20,60,6.6,5.3,NA,NA,NA,NA,NA,NA,NA,NA,260,0.0071,0.26
"119",2023-06-29,"LB","lake","undisturbed","lake_undisturbed",NA,"1",6.953962963,0.04294282,0.00155925,NA,NA,NA,NA,NA,NA,NA,NA,20,60,6.6,5.3,NA,NA,NA,NA,NA,NA,NA,NA,260,0.0071,0.26
"120",2023-06-29,"LB","lake","undisturbed","lake_undisturbed",NA,"2",4.978355082,0.110456417,6.03e-05,NA,NA,NA,NA,NA,NA,NA,NA,20,60,6.6,5.3,NA,NA,NA,NA,NA,NA,NA,NA,260,0.0071,0.26
"121",2023-07-04,"BB","lake","center","lake_center",NA,"1",12.28840676,0.235929611,-0.007956697,NA,NA,NA,NA,NA,NA,NA,NA,23.9,120,8.1,7.7,NA,NA,NA,NA,NA,NA,NA,NA,160,0.0661,1.6
"122",2023-07-04,"BB","lake","center","lake_center",NA,"2",-10.93795456,0.532263291,-0.005392902,NA,NA,NA,NA,NA,NA,NA,NA,23.9,120,8.1,7.7,NA,NA,NA,NA,NA,NA,NA,NA,160,0.0661,1.6
"123",2023-07-04,"BB","lake","center","lake_center",NA,"3",-4.822942547,0.137291076,-0.007048368,NA,NA,NA,NA,NA,NA,NA,NA,23.9,120,8.1,7.7,NA,NA,NA,NA,NA,NA,NA,NA,160,0.0661,1.6
"124",2023-07-04,"BB","lake","center","lake_center",NA,"4",10.88547082,0.445561912,-0.008889523,NA,NA,NA,NA,NA,NA,NA,NA,23.9,120,8.1,7.7,NA,NA,NA,NA,NA,NA,NA,NA,160,0.0661,1.6
"125",2023-07-04,"BB","lake","disturbed","lake_disturbed",NA,"4",6.601821944,0.230136716,-0.003757655,NA,NA,NA,NA,NA,NA,NA,NA,24.9,130,6.4,5.8,NA,NA,NA,NA,NA,NA,NA,NA,160,0.0661,0.24
"126",2023-07-04,"BB","lake","undisturbed","lake_undisturbed",NA,"4",0.169456571,0.098547898,-0.00662017,NA,NA,NA,NA,NA,NA,NA,NA,22.2,120,7.7,4.9,NA,NA,NA,NA,NA,NA,NA,NA,160,0.0661,0.32
"127",2023-07-04,"LB","lake","center","lake_center",NA,"4",NA,0.196259066,-0.006266842,NA,NA,NA,NA,NA,NA,NA,NA,22.7,70,7.8,7.4,NA,NA,NA,NA,NA,NA,NA,NA,260,0.0071,2.6
"128",2023-07-04,"LB","lake","center","lake_center",NA,"1",4.484583136,0.254964726,-0.008359048,NA,NA,NA,NA,NA,NA,NA,NA,22.7,70,7.8,7.4,NA,NA,NA,NA,NA,NA,NA,NA,260,0.0071,2.6
"129",2023-07-04,"LB","lake","center","lake_center",NA,"2",-19.52339117,0.14321827,-0.003404406,NA,NA,NA,NA,NA,NA,NA,NA,22.7,70,7.8,7.4,NA,NA,NA,NA,NA,NA,NA,NA,260,0.0071,2.6
"130",2023-07-04,"LB","lake","center","lake_center",NA,"3",6.212905673,0.283151681,-0.003239808,NA,NA,NA,NA,NA,NA,NA,NA,22.7,70,7.8,7.4,NA,NA,NA,NA,NA,NA,NA,NA,260,0.0071,2.6
"131",2023-07-04,"LB","lake","disturbed","lake_disturbed",NA,"2",5.518814483,2.215966727,-0.00260527,NA,NA,NA,NA,NA,NA,NA,NA,22.9,70,7.7,4.2,NA,NA,NA,NA,NA,NA,NA,NA,260,0.0071,0.37
"132",2023-07-04,"BB","lake","disturbed","lake_disturbed",NA,"2",23.26689843,1.02164135,-0.004780193,NA,NA,NA,NA,NA,NA,NA,NA,24.9,130,6.4,5.8,NA,NA,NA,NA,NA,NA,NA,NA,160,0.0661,0.24
"133",2023-07-04,"BB","lake","disturbed","lake_disturbed",NA,"3",12.85376997,0.373423419,-0.004789363,NA,NA,NA,NA,NA,NA,NA,NA,24.9,130,6.4,5.8,NA,NA,NA,NA,NA,NA,NA,NA,160,0.0661,0.24
"134",2023-07-04,"BB","lake","undisturbed","lake_undisturbed",NA,"3",1.514310505,-0.581572564,-0.005807396,NA,NA,NA,NA,NA,NA,NA,NA,22.2,120,7.7,4.9,NA,NA,NA,NA,NA,NA,NA,NA,160,0.0661,0.32
"135",2023-07-04,"LB","lake","undisturbed","lake_undisturbed",NA,"4",-37.84386229,0.081833405,-0.006592327,NA,NA,NA,NA,NA,NA,NA,NA,21.1,60,7.4,4.8,NA,NA,NA,NA,NA,NA,NA,NA,260,0.0071,0.26
"136",2023-07-04,"BB","lake","disturbed","lake_disturbed",NA,"1",20.62944253,1.156580243,-0.003730145,NA,NA,NA,NA,NA,NA,NA,NA,24.9,130,6.4,5.8,NA,NA,NA,NA,NA,NA,NA,NA,160,0.0661,0.24
"137",2023-07-04,"LB","lake","disturbed","lake_disturbed",NA,"4",6.108746528,2.944525159,-0.002646539,NA,NA,NA,NA,NA,NA,NA,NA,22.9,70,7.7,4.2,NA,NA,NA,NA,NA,NA,NA,NA,260,0.0071,0.37
"138",2023-07-04,"LB","lake","disturbed","lake_disturbed",NA,"1",-4.013421852,0.102612198,0.000243503,NA,NA,NA,NA,NA,NA,NA,NA,22.9,70,7.7,4.2,NA,NA,NA,NA,NA,NA,NA,NA,260,0.0071,0.37
"139",2023-07-04,"LB","lake","undisturbed","lake_undisturbed",NA,"3",12.86069565,0.434026376,0.002039514,NA,NA,NA,NA,NA,NA,NA,NA,21.1,60,7.4,4.8,NA,NA,NA,NA,NA,NA,NA,NA,260,0.0071,0.26
"140",2023-07-04,"LB","lake","undisturbed","lake_undisturbed",NA,"1",0.84677012,0.064881988,-0.000288509,NA,NA,NA,NA,NA,NA,NA,NA,21.1,60,7.4,4.8,NA,NA,NA,NA,NA,NA,NA,NA,260,0.0071,0.26
"141",2023-07-04,"LB","lake","disturbed","lake_disturbed",NA,"3",0.734817616,28.1304674,-0.003283925,NA,NA,NA,NA,NA,NA,NA,NA,22.9,70,7.7,4.2,NA,NA,NA,NA,NA,NA,NA,NA,260,0.0071,0.37
"142",2023-07-04,"BB","lake","undisturbed","lake_undisturbed",NA,"2",6.449250741,0.523396613,-0.003006491,NA,NA,NA,NA,NA,NA,NA,NA,22.2,120,7.7,4.9,NA,NA,NA,NA,NA,NA,NA,NA,160,0.0661,0.32
"143",2023-07-04,"BB","lake","undisturbed","lake_undisturbed",NA,"1",6.404637546,0.349761537,0.000906179,NA,NA,NA,NA,NA,NA,NA,NA,22.2,120,7.7,4.9,NA,NA,NA,NA,NA,NA,NA,NA,160,0.0661,0.32
"144",2023-07-04,"LB","lake","undisturbed","lake_undisturbed",NA,"2",1.017761082,-0.0619242,-0.001217991,NA,NA,NA,NA,NA,NA,NA,NA,21.1,60,7.4,4.8,NA,NA,NA,NA,NA,NA,NA,NA,260,0.0071,0.26
"145",2023-07-06,"KI","lake","center","lake_center",NA,"2",0.834819423,0.071430881,-0.000917693,NA,NA,NA,NA,NA,NA,NA,NA,21.4,70,8.5,8.4,NA,NA,NA,NA,NA,NA,NA,NA,190,0.3353,1.9
"146",2023-07-06,"KI","lake","disturbed","lake_disturbed",NA,"4",4.138378678,0.726476435,0.009472286,NA,NA,NA,NA,NA,NA,NA,NA,21.5,70,8.2,7,NA,NA,NA,NA,NA,NA,NA,NA,190,0.3353,0.3
"147",2023-07-06,"KI","lake","center","lake_center",NA,"1",-0.175745985,0.097423939,-0.001113652,NA,NA,NA,NA,NA,NA,NA,NA,21.4,70,8.5,8.4,NA,NA,NA,NA,NA,NA,NA,NA,190,0.3353,1.9
"148",2023-07-06,"KI","lake","undisturbed","lake_undisturbed",NA,"1",5.911534526,0.459008969,-0.000934893,NA,NA,NA,NA,NA,NA,NA,NA,23.5,70,8.4,5.4,NA,NA,NA,NA,NA,NA,NA,NA,190,0.3353,0.35
"149",2023-07-06,"KI","lake","undisturbed","lake_undisturbed",NA,"2",8.698768084,11.48781502,0.001010256,NA,NA,NA,NA,NA,NA,NA,NA,23.5,70,8.4,5.4,NA,NA,NA,NA,NA,NA,NA,NA,190,0.3353,0.35
"150",2023-07-06,"KI","lake","center","lake_center",NA,"3",1.498685624,0.06792541,-0.000439541,NA,NA,NA,NA,NA,NA,NA,NA,21.4,70,8.5,8.4,NA,NA,NA,NA,NA,NA,NA,NA,190,0.3353,1.9
"151",2023-07-06,"KI","lake","center","lake_center",NA,"4",-4.597923512,0.108302635,0.001805072,NA,NA,NA,NA,NA,NA,NA,NA,21.4,70,8.5,8.4,NA,NA,NA,NA,NA,NA,NA,NA,190,0.3353,1.9
"152",2023-07-06,"KI","lake","undisturbed","lake_undisturbed",NA,"4",2.858178184,2.752271029,-0.002014981,NA,NA,NA,NA,NA,NA,NA,NA,23.5,70,8.4,5.4,NA,NA,NA,NA,NA,NA,NA,NA,190,0.3353,0.35
"153",2023-07-06,"KI","lake","disturbed","lake_disturbed",NA,"3",1.811452601,0.038933782,0.003608407,NA,NA,NA,NA,NA,NA,NA,NA,21.5,70,8.2,7,NA,NA,NA,NA,NA,NA,NA,NA,190,0.3353,0.3
"154",2023-07-06,"KI","lake","undisturbed","lake_undisturbed",NA,"3",6.65094989,8.137014502,-0.000173722,NA,NA,NA,NA,NA,NA,NA,NA,23.5,70,8.4,5.4,NA,NA,NA,NA,NA,NA,NA,NA,190,0.3353,0.35
"155",2023-07-06,"KI","lake","disturbed","lake_disturbed",NA,"2",1.013630806,0.360837834,0.00333782,NA,NA,NA,NA,NA,NA,NA,NA,21.5,70,8.2,7,NA,NA,NA,NA,NA,NA,NA,NA,190,0.3353,0.3
"156",2023-07-06,"KI","lake","disturbed","lake_disturbed",NA,"1",2.451943356,3.394445944,0.00109755,NA,NA,NA,NA,NA,NA,NA,NA,21.5,70,8.2,7,NA,NA,NA,NA,NA,NA,NA,NA,190,0.3353,0.3
"157",2023-07-13,"BB","lake","disturbed","lake_disturbed",NA,"3",8.018808132,-0.414259733,0.002579506,NA,NA,NA,NA,NA,NA,NA,NA,18.1,NA,NA,5.9,13,583,526,1.34,10.9,22.9339,13.3921,0.35,160,0.0661,0.24
"158",2023-07-13,"BB","lake","disturbed","lake_disturbed",NA,"2",29.39304658,NA,0.005293546,NA,NA,NA,NA,NA,NA,NA,NA,18.1,NA,NA,5.9,13,583,526,1.34,10.9,22.9339,13.3921,0.35,160,0.0661,0.24
"159",2023-07-13,"BB","lake","disturbed","lake_disturbed",NA,"4",8.377793021,-0.138421557,0.010316457,NA,NA,NA,NA,NA,NA,NA,NA,18.1,NA,NA,5.9,13,583,526,1.34,10.9,22.9339,13.3921,0.35,160,0.0661,0.24
"160",2023-07-13,"BB","lake","disturbed","lake_disturbed",NA,"1",29.26326502,2.689359133,-0.012352054,NA,NA,NA,NA,NA,NA,NA,NA,18.1,NA,NA,5.9,13,583,526,1.34,10.9,22.9339,13.3921,0.35,160,0.0661,0.24
"161",2023-07-13,"BB","lake","undisturbed","lake_undisturbed",NA,"2",33.99056,0.661025935,0.000240076,NA,NA,NA,NA,NA,NA,NA,NA,19.3,130,NA,7.5,12.9,594,561,0.828,14,24.3888,15.8845,0.35,160,0.0661,0.32
"162",2023-07-13,"BB","lake","undisturbed","lake_undisturbed",NA,"4",16.51874809,0.147870537,-0.001535491,NA,NA,NA,NA,NA,NA,NA,NA,19.3,130,NA,7.5,12.9,594,561,0.828,14,24.3888,15.8845,0.35,160,0.0661,0.32
"163",2023-07-13,"BB","lake","undisturbed","lake_undisturbed",NA,"1",49.66990001,0.793765248,-0.008604052,NA,NA,NA,NA,NA,NA,NA,NA,19.3,130,NA,7.5,12.9,594,561,0.828,14,24.3888,15.8845,0.35,160,0.0661,0.32
"164",2023-07-13,"LB","lake","center","lake_center",NA,"1",16.27311365,0.290706912,-0.006663248,NA,NA,NA,NA,NA,NA,NA,NA,19.1,80,NA,7.5,22.7,650,582,0.35,2.54,17.8229,10.4495,0.35,260,0.0071,2.6
"165",2023-07-13,"LB","lake","center","lake_center",NA,"2",60.38105176,1.27497388,0.003621893,NA,NA,NA,NA,NA,NA,NA,NA,19.1,80,NA,7.5,22.7,650,582,0.35,2.54,17.8229,10.4495,0.35,260,0.0071,2.6
"166",2023-07-13,"BB","lake","undisturbed","lake_undisturbed",NA,"3",24.49402111,0.3817512,0.008956945,NA,NA,NA,NA,NA,NA,NA,NA,19.3,130,NA,7.5,12.9,594,561,0.828,14,24.3888,15.8845,0.35,160,0.0661,0.32
"167",2023-07-13,"LB","lake","disturbed","lake_disturbed",NA,"4",10.32199706,0.265441255,-0.000520427,NA,NA,NA,NA,NA,NA,NA,NA,19.4,70,NA,5.2,22.9,632,616,5.63,8.63,17.6501,11.8969,0.35,260,0.0071,0.37
"168",2023-07-13,"LB","lake","undisturbed","lake_undisturbed",NA,"3",10.89475494,0.069877622,-0.004122266,NA,NA,NA,NA,NA,NA,NA,NA,19.5,90,NA,5.3,22.9,650,580,0.35,8.41,16.844,9.3514,0.35,260,0.0071,0.26
"169",2023-07-13,"LB","lake","undisturbed","lake_undisturbed",NA,"4",15.75150211,0.31622333,0.000619946,NA,NA,NA,NA,NA,NA,NA,NA,19.5,90,NA,5.3,22.9,650,580,0.35,8.41,16.844,9.3514,0.35,260,0.0071,0.26
"170",2023-07-13,"LB","lake","center","lake_center",NA,"4",31.3355826,0.565019761,0.001457124,NA,NA,NA,NA,NA,NA,NA,NA,19.1,80,NA,7.5,22.7,650,582,0.35,2.54,17.8229,10.4495,0.35,260,0.0071,2.6
"171",2023-07-13,"LB","lake","disturbed","lake_disturbed",NA,"3",15.94341708,28.55318162,0.005499995,NA,NA,NA,NA,NA,NA,NA,NA,19.4,70,NA,5.2,22.9,632,616,5.63,8.63,17.6501,11.8969,0.35,260,0.0071,0.37
"172",2023-07-13,"LB","lake","undisturbed","lake_undisturbed",NA,"2",6.536195348,NA,-0.0110538,NA,NA,NA,NA,NA,NA,NA,NA,19.5,90,NA,5.3,22.9,650,580,0.35,8.41,16.844,9.3514,0.35,260,0.0071,0.26
"173",2023-07-13,"LB","lake","center","lake_center",NA,"3",42.44301073,0.866105151,0.001303412,NA,NA,NA,NA,NA,NA,NA,NA,19.1,80,NA,7.5,22.7,650,582,0.35,2.54,17.8229,10.4495,0.35,260,0.0071,2.6
"174",2023-07-13,"LB","lake","disturbed","lake_disturbed",NA,"2",8.390231653,8.984146259,-4.68e-05,NA,NA,NA,NA,NA,NA,NA,NA,19.4,70,NA,5.2,22.9,632,616,5.63,8.63,17.6501,11.8969,0.35,260,0.0071,0.37
"175",2023-07-13,"LB","lake","undisturbed","lake_undisturbed",NA,"1",16.73301605,-0.160502133,0.007191918,NA,NA,NA,NA,NA,NA,NA,NA,19.5,90,NA,5.3,22.9,650,580,0.35,8.41,16.844,9.3514,0.35,260,0.0071,0.26
"176",2023-07-13,"LB","lake","disturbed","lake_disturbed",NA,"1",2.568280914,3.104278799,0.0015932,NA,NA,NA,NA,NA,NA,NA,NA,19.4,70,NA,5.2,22.9,632,616,5.63,8.63,17.6501,11.8969,0.35,260,0.0071,0.37
"177",2023-07-16,"BB","lake","center","lake_center",NA,"3",17.81442483,0.524306458,0.000703715,NA,NA,NA,NA,NA,NA,NA,NA,NA,NA,NA,NA,13,596,510,0.35,3.89,27.5607,29.9484,0.35,160,0.0661,1.6
"178",2023-07-16,"BB","lake","center","lake_center",NA,"4",11.71610261,0.27796278,-0.00571501,NA,NA,NA,NA,NA,NA,NA,NA,NA,NA,NA,NA,13,596,510,0.35,3.89,27.5607,29.9484,0.35,160,0.0661,1.6
"179",2023-07-16,"BB","lake","center","lake_center",NA,"2",15.23462388,0.502672408,-0.005811943,NA,NA,NA,NA,NA,NA,NA,NA,NA,NA,NA,NA,13,596,510,0.35,3.89,27.5607,29.9484,0.35,160,0.0661,1.6
"180",2023-07-16,"BB","lake","center","lake_center",NA,"1",13.98451576,0.431511358,-0.000767615,NA,NA,NA,NA,NA,NA,NA,NA,NA,NA,NA,NA,13,596,510,0.35,3.89,27.5607,29.9484,0.35,160,0.0661,1.6
"181",2023-07-19,"KI","lake","center","lake_center",NA,"4",-5.418301137,0.002466154,-0.010369904,NA,NA,NA,NA,NA,NA,NA,NA,19.1,80,7.1,8.1,14.4,657,450,3.48,2.98,42.3778,20.5422,0.35,190,0.3353,1.9
"182",2023-07-19,"KI","lake","disturbed","lake_disturbed",NA,"4",-1.755699738,14.12374516,-0.007145609,NA,NA,NA,NA,NA,NA,NA,NA,19.1,110,7.3,6.6,14.4,764,530,4.47,3.99,40.5412,19.7094,0.35,190,0.3353,0.3
"183",2023-07-19,"KI","lake","center","lake_center",NA,"3",-6.279347416,-0.065811345,-0.003674921,NA,NA,NA,NA,NA,NA,NA,NA,19.1,80,7.1,8.1,14.4,657,450,3.48,2.98,42.3778,20.5422,0.35,190,0.3353,1.9
"184",2023-07-19,"KI","lake","disturbed","lake_disturbed",NA,"3",-1.785885074,13.13067913,-0.000712128,NA,NA,NA,NA,NA,NA,NA,NA,19.1,110,7.3,6.6,14.4,764,530,4.47,3.99,40.5412,19.7094,0.35,190,0.3353,0.3
"185",2023-07-19,"KI","lake","center","lake_center",NA,"2",-4.064732783,0.052601282,0.004847593,NA,NA,NA,NA,NA,NA,NA,NA,19.1,80,7.1,8.1,14.4,657,450,3.48,2.98,42.3778,20.5422,0.35,190,0.3353,1.9
"186",2023-07-19,"KI","lake","disturbed","lake_disturbed",NA,"2",-1.705696537,-0.03486853,0.001779481,NA,NA,NA,NA,NA,NA,NA,NA,19.1,110,7.3,6.6,14.4,764,530,4.47,3.99,40.5412,19.7094,0.35,190,0.3353,0.3
"187",2023-07-19,"KI","lake","center","lake_center",NA,"1",-9.67742418,0.430881872,0.0033235,NA,NA,NA,NA,NA,NA,NA,NA,19.1,80,7.1,8.1,14.4,657,450,3.48,2.98,42.3778,20.5422,0.35,190,0.3353,1.9
"188",2023-07-19,"KI","lake","disturbed","lake_disturbed",NA,"1",4.835509964,12.13794737,0.010328084,NA,NA,NA,NA,NA,NA,NA,NA,19.1,110,7.3,6.6,14.4,764,530,4.47,3.99,40.5412,19.7094,0.35,190,0.3353,0.3
"189",2023-07-19,"KI","lake","undisturbed","lake_undisturbed",NA,"3",-11.14886696,7.900659288,-0.00359732,NA,NA,NA,NA,NA,NA,NA,NA,18.6,100,6.7,5.6,14.9,777,524,3.35,4.5,48.3471,16.066,0.35,190,0.3353,0.35
"190",2023-07-19,"KI","lake","undisturbed","lake_undisturbed",NA,"4",-41.1918457,21.00222938,0.007558205,NA,NA,NA,NA,NA,NA,NA,NA,18.6,100,6.7,5.6,14.9,777,524,3.35,4.5,48.3471,16.066,0.35,190,0.3353,0.35
"191",2023-07-19,"KI","lake","undisturbed","lake_undisturbed",NA,"2",6.257881537,22.46279448,0.005283203,NA,NA,NA,NA,NA,NA,NA,NA,18.6,100,6.7,5.6,14.9,777,524,3.35,4.5,48.3471,16.066,0.35,190,0.3353,0.35
"192",2023-07-19,"KI","lake","undisturbed","lake_undisturbed",NA,"1",-0.429746037,1.064958847,0.005171258,NA,NA,NA,NA,NA,NA,NA,NA,18.6,100,6.7,5.6,14.9,777,524,3.35,4.5,48.3471,16.066,0.35,190,0.3353,0.35
"193",2023-07-31,"BB","lake","center","lake_center",NA,"1",-5.718911076,0.876032491,-0.019755457,NA,NA,NA,NA,NA,NA,NA,NA,20.9,130,8.9,9.5,NA,NA,NA,NA,NA,NA,NA,NA,160,0.0661,1.6
"194",2023-07-31,"LB","lake","center","lake_center",NA,"1",23.62302388,1.012332808,-0.013374527,NA,NA,NA,NA,NA,NA,NA,NA,20.8,80,7.5,7.4,NA,NA,NA,NA,NA,NA,NA,NA,260,0.0071,2.6
"195",2023-07-31,"LB","lake","center","lake_center",NA,"2",26.70767647,25.29312283,-0.015380011,NA,NA,NA,NA,NA,NA,NA,NA,20.8,80,7.5,7.4,NA,NA,NA,NA,NA,NA,NA,NA,260,0.0071,2.6
"196",2023-07-31,"BB","lake","disturbed","lake_disturbed",NA,"2",18.1322262,0.333445459,-0.008276449,NA,NA,NA,NA,NA,NA,NA,NA,19.8,160,6.9,3.2,NA,NA,NA,NA,NA,NA,NA,NA,160,0.0661,0.24
"197",2023-07-31,"BB","lake","center","lake_center",NA,"4",7.135531584,0.356126571,-0.027012344,NA,NA,NA,NA,NA,NA,NA,NA,20.9,130,8.9,9.5,NA,NA,NA,NA,NA,NA,NA,NA,160,0.0661,1.6
"198",2023-07-31,"BB","lake","center","lake_center",NA,"2",-1.98629938,0.161043178,-0.027988776,NA,NA,NA,NA,NA,NA,NA,NA,20.9,130,8.9,9.5,NA,NA,NA,NA,NA,NA,NA,NA,160,0.0661,1.6
"199",2023-07-31,"BB","lake","center","lake_center",NA,"3",-0.154783016,0.393147595,-0.017991511,NA,NA,NA,NA,NA,NA,NA,NA,20.9,130,8.9,9.5,NA,NA,NA,NA,NA,NA,NA,NA,160,0.0661,1.6
"200",2023-07-31,"BB","lake","disturbed","lake_disturbed",NA,"1",11.57039132,5.173421662,0.404048094,NA,NA,NA,NA,NA,NA,NA,NA,19.8,160,6.9,3.2,NA,NA,NA,NA,NA,NA,NA,NA,160,0.0661,0.24
"201",2023-07-31,"LB","lake","disturbed","lake_disturbed",NA,"4",13.18392645,NA,1.179038486,NA,NA,NA,NA,NA,NA,NA,NA,20.8,130,6.8,5.1,NA,NA,NA,NA,NA,NA,NA,NA,260,0.0071,0.37
"202",2023-07-31,"LB","lake","center","lake_center",NA,"3",18.49046722,0.542519456,-0.01725916,NA,NA,NA,NA,NA,NA,NA,NA,20.8,80,7.5,7.4,NA,NA,NA,NA,NA,NA,NA,NA,260,0.0071,2.6
"203",2023-07-31,"LB","lake","center","lake_center",NA,"4",19.66470386,0.546622337,-0.019682157,NA,NA,NA,NA,NA,NA,NA,NA,20.8,80,7.5,7.4,NA,NA,NA,NA,NA,NA,NA,NA,260,0.0071,2.6
"204",2023-07-31,"LB","lake","undisturbed","lake_undisturbed",NA,"1",12.53697205,0.732193177,-0.018210102,NA,NA,NA,NA,NA,NA,NA,NA,20.8,90,7.1,4.8,NA,NA,NA,NA,NA,NA,NA,NA,260,0.0071,0.26
"205",2023-07-31,"LB","lake","disturbed","lake_disturbed",NA,"3",6.514477887,6.991572436,-0.020589485,NA,NA,NA,NA,NA,NA,NA,NA,20.8,130,6.8,5.1,NA,NA,NA,NA,NA,NA,NA,NA,260,0.0071,0.37
"206",2023-07-31,"LB","lake","disturbed","lake_disturbed",NA,"1",-4.384434925,3.015147496,0.609518838,NA,NA,NA,NA,NA,NA,NA,NA,20.8,130,6.8,5.1,NA,NA,NA,NA,NA,NA,NA,NA,260,0.0071,0.37
"207",2023-07-31,"LB","lake","disturbed","lake_disturbed",NA,"2",9.37336501,0.648790914,-0.022513087,NA,NA,NA,NA,NA,NA,NA,NA,20.8,130,6.8,5.1,NA,NA,NA,NA,NA,NA,NA,NA,260,0.0071,0.37
"208",2023-07-31,"BB","lake","undisturbed","lake_undisturbed",NA,"3",2.462779795,3.473457849,1.499694436,NA,NA,NA,NA,NA,NA,NA,NA,21,130,8.3,6.7,NA,NA,NA,NA,NA,NA,NA,NA,160,0.0661,0.32
"209",2023-07-31,"BB","lake","undisturbed","lake_undisturbed",NA,"4",2.730854606,0.123802475,-0.005794514,NA,NA,NA,NA,NA,NA,NA,NA,21,130,8.3,6.7,NA,NA,NA,NA,NA,NA,NA,NA,160,0.0661,0.32
"210",2023-07-31,"BB","lake","disturbed","lake_disturbed",NA,"3",38.20481785,0.243614779,-0.007014844,NA,NA,NA,NA,NA,NA,NA,NA,19.8,160,6.9,3.2,NA,NA,NA,NA,NA,NA,NA,NA,160,0.0661,0.24
"211",2023-07-31,"BB","lake","disturbed","lake_disturbed",NA,"4",44.86577072,0.382083037,-0.005777594,NA,NA,NA,NA,NA,NA,NA,NA,19.8,160,6.9,3.2,NA,NA,NA,NA,NA,NA,NA,NA,160,0.0661,0.24
"212",2023-07-31,"LB","lake","undisturbed","lake_undisturbed",NA,"4",9.096782713,0.013506958,0.82038002,NA,NA,NA,NA,NA,NA,NA,NA,20.8,90,7.1,4.8,NA,NA,NA,NA,NA,NA,NA,NA,260,0.0071,0.26
"213",2023-07-31,"BB","lake","undisturbed","lake_undisturbed",NA,"1",2.721126627,-0.303862735,-0.004521129,NA,NA,NA,NA,NA,NA,NA,NA,21,130,8.3,6.7,NA,NA,NA,NA,NA,NA,NA,NA,160,0.0661,0.32
"214",2023-07-31,"BB","lake","undisturbed","lake_undisturbed",NA,"2",-1.565009396,0.176582678,1.005415648,NA,NA,NA,NA,NA,NA,NA,NA,21,130,8.3,6.7,NA,NA,NA,NA,NA,NA,NA,NA,160,0.0661,0.32
"215",2023-07-31,"LB","lake","undisturbed","lake_undisturbed",NA,"2",9.925513652,0.186966278,1.317465665,NA,NA,NA,NA,NA,NA,NA,NA,20.8,90,7.1,4.8,NA,NA,NA,NA,NA,NA,NA,NA,260,0.0071,0.26
"216",2023-07-31,"LB","lake","undisturbed","lake_undisturbed",NA,"3",11.82520092,4.179184995,1.353118903,NA,NA,NA,NA,NA,NA,NA,NA,20.8,90,7.1,4.8,NA,NA,NA,NA,NA,NA,NA,NA,260,0.0071,0.26
"217",2022-06-14,"BB","tundra","undisturbed","tundra_undisturbed","y","BBI4",0.668349109,0.080671306,NA,29.96492157,-29.29657246,13.9666666666667,8,6.126417756,12.432917218543,1083.11225165563,0.1,NA,NA,NA,NA,NA,NA,NA,NA,NA,NA,NA,NA,NA,NA,NA
"218",2022-06-14,"BB","tundra","undisturbed","tundra_undisturbed","y","BBI3",5.575084128,0.009709808,NA,22.39015149,-16.81506736,2.43333333333333,11,NA,10.7224933333333,1130.95,0,NA,NA,NA,NA,NA,NA,NA,NA,NA,NA,NA,NA,NA,NA,NA
"219",2022-06-14,"BB","tundra","undisturbed","tundra_undisturbed","y","BBI2",6.061580173,0.000508065,NA,22.15484352,-16.09326335,6.7,12.6666666666667,6.747154579,12.1298172757475,983.060465116279,0,NA,NA,NA,NA,NA,NA,NA,NA,NA,NA,NA,NA,NA,NA,NA
"220",2022-06-14,"BB","tundra","undisturbed","tundra_undisturbed","y","BBI1",-11.93020113,0.003319197,NA,25.50461934,-37.43482047,19.8666666666667,10.3333333333333,NA,11.27009,1111.03333333333,0,NA,NA,NA,NA,NA,NA,NA,NA,NA,NA,NA,NA,NA,NA,NA
"221",2022-06-14,"BB","tundra","disturbed","tundra_disturbed","n","BBS1",3.692965073,0.011265644,NA,28.26071719,-24.56775212,39.6,10.3333333333333,5.45,8.51935548172757,1066.71495016611,0,NA,NA,NA,NA,NA,NA,NA,NA,NA,NA,NA,NA,NA,NA,NA
"222",2022-06-14,"BB","tundra","disturbed","tundra_disturbed","y","BBS2",7.947190554,0.012430507,NA,46.84628168,-38.89909113,33.4666666666667,8,9.340413124,9.03936333333333,1145.45,0.1,NA,NA,NA,NA,NA,NA,NA,NA,NA,NA,NA,NA,NA,NA,NA
"223",2022-06-14,"BB","tundra","disturbed","tundra_disturbed","n","BBS3",4.336542054,0.014816678,NA,10.24526814,-5.908726086,41.6333333333333,6.66666666666667,NA,9.48870099667774,1099.79634551495,0,NA,NA,NA,NA,NA,NA,NA,NA,NA,NA,NA,NA,NA,NA,NA
"224",2022-06-14,"BB","tundra","disturbed","tundra_disturbed","y","BBS4",14.17012847,0.012096183,NA,58.23771859,-44.06759012,32.1,9.33333333333333,NA,9.51192333333333,1158.70833333333,0.8,NA,NA,NA,NA,NA,NA,NA,NA,NA,NA,NA,NA,NA,NA,NA
"225",2022-06-15,"LB","tundra","undisturbed","tundra_undisturbed","y","LBI1",-31.23779242,-0.001639045,NA,47.60210708,-78.8398995,19.4519585817778,11.6666666666667,8.493006818,13.11151,1209.11666666667,0.1,NA,NA,NA,NA,NA,NA,NA,NA,NA,NA,NA,NA,NA,NA,NA
"226",2022-06-15,"LB","tundra","undisturbed","tundra_undisturbed","y","LBI2",31.09688439,0.001042981,NA,42.22596183,-11.12907744,13.4,9.66666666666667,8.349359686,13.2217284768212,1341.29933774834,0.2,NA,NA,NA,NA,NA,NA,NA,NA,NA,NA,NA,NA,NA,NA,NA
"227",2022-06-15,"LB","tundra","undisturbed","tundra_undisturbed","y","LBI3",8.750061339,0.002200567,NA,38.77716046,-30.02709912,22.599517124,8.33333333333333,NA,13.6455548172757,1133.99069767442,0.1,NA,NA,NA,NA,NA,NA,NA,NA,NA,NA,NA,NA,NA,NA,NA
"228",2022-06-15,"LB","tundra","undisturbed","tundra_undisturbed","y","LBI4",43.77678134,0.003287425,NA,38.58422962,5.19255172,9.3,9.66666666666667,NA,13.7270066666667,1233.75833333333,0.3,NA,NA,NA,NA,NA,NA,NA,NA,NA,NA,NA,NA,NA,NA,NA
"229",2022-06-15,"LB","tundra","disturbed","tundra_disturbed","y","LBS4",NA,0.002708942,NA,40.17013631,NA,NA,5.66666666666667,NA,14.2186933333333,1244.71666666667,0.4,NA,NA,NA,NA,NA,NA,NA,NA,NA,NA,NA,NA,NA,NA,NA
"230",2022-06-15,"LB","tundra","disturbed","tundra_disturbed","y","LBS1",-45.97189407,0.005732947,NA,18.67310997,-64.64500404,37.555596644,12,8.900139449,12.5364133333333,1281.10833333333,0.9,NA,NA,NA,NA,NA,NA,NA,NA,NA,NA,NA,NA,NA,NA,NA
"231",2022-06-23,"LB","tundra","undisturbed","tundra_undisturbed","y","LBI1",-84.84277328,-0.001339989,NA,79.74747836,-164.5902516,32.3020380804444,12.3333333333333,13.5743182,22.8421561461794,1150.66843853821,2.2,NA,NA,NA,NA,NA,NA,NA,NA,NA,NA,NA,NA,NA,NA,NA
"232",2022-06-23,"LB","tundra","undisturbed","tundra_undisturbed","y","LBI2",33.9895409,-0.00541769,NA,66.17897755,-32.18943665,33.2666666666667,15.3333333333333,14.35433582,20.9554933774834,1148.66688741722,2.9,NA,NA,NA,NA,NA,NA,NA,NA,NA,NA,NA,NA,NA,NA,NA
"233",2022-06-23,"LB","tundra","undisturbed","tundra_undisturbed","y","LBI3",-38.48586846,-0.003269034,NA,102.4429947,-140.9288632,21.9678754351111,17.3333333333333,NA,23.0225149501661,1133.38438538206,7.6,NA,NA,NA,NA,NA,NA,NA,NA,NA,NA,NA,NA,NA,NA,NA
"234",2022-06-23,"LB","tundra","undisturbed","tundra_undisturbed","y","LBI4",35.61089708,-0.002982852,NA,52.55143708,-16.94054,12.9,19.3333333333333,NA,22.4261291390728,487.930132450331,1.1,NA,NA,NA,NA,NA,NA,NA,NA,NA,NA,NA,NA,NA,NA,NA
"235",2022-06-23,"LB","tundra","disturbed","tundra_disturbed","y","LBS4",-84.8093862,-0.000314495,NA,87.48935014,-172.2987363,36.088707524,15.3333333333333,NA,21.7662748344371,944.73476821192,2.2,NA,NA,NA,NA,NA,NA,NA,NA,NA,NA,NA,NA,NA,NA,NA
"236",2022-06-23,"LB","tundra","disturbed","tundra_disturbed","n","LBS2",-13.09276507,0.000268039,NA,62.83118744,-75.92395251,44.3,16.6666666666667,8.841335668,19.5953633333333,782.708333333333,0.3,NA,NA,NA,NA,NA,NA,NA,NA,NA,NA,NA,NA,NA,NA,NA
"237",2022-06-23,"LB","tundra","disturbed","tundra_disturbed","y","LBS1",-108.013711,-0.00197841,NA,93.06751893,-201.0812299,33.318582464,17,13.12772146,19.5942857142857,864.597009966777,2.9,NA,NA,NA,NA,NA,NA,NA,NA,NA,NA,NA,NA,NA,NA,NA
"238",2022-06-25,"BB","tundra","undisturbed","tundra_undisturbed","y","BBI1",-2.595365881,-0.005990507,NA,33.84068003,-36.43604591,38.9,20.3333333333333,NA,19.9263543046358,1040.55430463576,1.3,NA,NA,NA,NA,NA,NA,NA,NA,NA,NA,NA,NA,NA,NA,NA
"239",2022-06-25,"BB","tundra","undisturbed","tundra_undisturbed","y","BBI2",-9.442193086,-0.003416352,NA,42.48370412,-51.92589721,27.1666666666667,14,11.16234208,17.9517441860465,801.033887043189,0.5,NA,NA,NA,NA,NA,NA,NA,NA,NA,NA,NA,NA,NA,NA,NA
"240",2022-06-25,"BB","tundra","undisturbed","tundra_undisturbed","y","BBI3",-12.51837291,-0.002152175,NA,63.80664316,-76.32501607,14.9,12.6666666666667,NA,17.83866,649.45,6.9,NA,NA,NA,NA,NA,NA,NA,NA,NA,NA,NA,NA,NA,NA,NA
"241",2022-06-25,"BB","tundra","undisturbed","tundra_undisturbed","y","BBI4",37.00182391,-0.000600909,NA,113.8180569,-76.81623299,24.4,19.3333333333333,10.1168041,16.7486810631229,601.316279069767,1.3,NA,NA,NA,NA,NA,NA,NA,NA,NA,NA,NA,NA,NA,NA,NA
"242",2022-06-25,"BB","tundra","disturbed","tundra_disturbed","y","BBS2",-42.18061096,0.003073257,NA,64.19783468,-106.3784456,38.1666666666667,35.6666666666667,12.78775757,15.6857350993377,1138.68344370861,1,NA,NA,NA,NA,NA,NA,NA,NA,NA,NA,NA,NA,NA,NA,NA
"243",2022-06-25,"BB","tundra","disturbed","tundra_disturbed","y","BBS4",-14.39209142,0.002313924,NA,72.88729118,-87.2793826,34.2333333333333,20.6666666666667,NA,15.4256158940397,1103.94834437086,4,NA,NA,NA,NA,NA,NA,NA,NA,NA,NA,NA,NA,NA,NA,NA
"244",2022-06-26,"LB","tundra","undisturbed","tundra_undisturbed","y","LBI1",-64.54674314,-0.003746644,NA,91.28018585,-155.826929,32.9877099417778,17,15.70320684,21.5914633333333,715.283333333333,1.8,NA,NA,NA,NA,NA,NA,NA,NA,NA,NA,NA,NA,NA,NA,NA
"245",2022-06-26,"LB","tundra","undisturbed","tundra_undisturbed","y","LBI2",25.64035205,-0.003636138,NA,76.66593807,-51.02558602,36.7,21.6666666666667,16.87020712,23.3205415282392,1064.09867109635,4.2,NA,NA,NA,NA,NA,NA,NA,NA,NA,NA,NA,NA,NA,NA,NA
"246",2022-06-26,"LB","tundra","undisturbed","tundra_undisturbed","y","LBI3",-91.10256857,-0.005145205,NA,94.39371609,-185.4962847,34.9446304551111,22.3333333333333,NA,22.7564850498339,758.525581395349,10.5,NA,NA,NA,NA,NA,NA,NA,NA,NA,NA,NA,NA,NA,NA,NA
"247",2022-06-26,"LB","tundra","undisturbed","tundra_undisturbed","y","LBI4",43.69072231,-0.002115097,NA,55.2937304,-11.60300809,35.3333333333333,24.3333333333333,NA,22.4765,672.716666666667,1.1,NA,NA,NA,NA,NA,NA,NA,NA,NA,NA,NA,NA,NA,NA,NA
"248",2022-06-26,"LB","tundra","disturbed","tundra_disturbed","y","LBS4",-117.0433124,-0.004914395,NA,93.03941216,-210.0827246,44.5541104,21.6666666666667,NA,22.3959833333333,984.75,3.6,NA,NA,NA,NA,NA,NA,NA,NA,NA,NA,NA,NA,NA,NA,NA
"249",2022-06-26,"LB","tundra","disturbed","tundra_disturbed","n","LBS2",-22.839947,-0.00144695,NA,90.42921856,-113.2691656,48.3666666666667,19.3333333333333,10.32291671,25.715122923588,1128.97408637874,0.3,NA,NA,NA,NA,NA,NA,NA,NA,NA,NA,NA,NA,NA,NA,NA
"250",2022-06-26,"LB","tundra","disturbed","tundra_disturbed","y","LBS1",-114.1624191,-0.005056461,NA,159.9872135,-274.1496326,29.980932004,14.6666666666667,15.99697203,26.2816166666667,1155.24166666667,3.7,NA,NA,NA,NA,NA,NA,NA,NA,NA,NA,NA,NA,NA,NA,NA
"251",2022-07-01,"LB","tundra","undisturbed","tundra_undisturbed","y","LBI1",40.29495437,-0.008720787,NA,170.6644575,-130.3695031,24.4284344444444,20.3333333333333,20.05521104,31.1666279069767,1103.97408637874,8.4,NA,NA,NA,NA,NA,NA,NA,NA,NA,NA,NA,NA,NA,NA,NA
"252",2022-07-01,"LB","tundra","undisturbed","tundra_undisturbed","y","LBI2",-85.69742567,-0.058681492,NA,128.9170868,-214.6145125,34.7666666666667,30,22.52765371,31.5458671096346,1006.75647840532,7.3,NA,NA,NA,NA,NA,NA,NA,NA,NA,NA,NA,NA,NA,NA,NA
"253",2022-07-01,"LB","tundra","undisturbed","tundra_undisturbed","y","LBI3",122.2567336,-0.015189592,NA,165.290676,-43.0339424,31.9211360337778,27.6666666666667,NA,30.5163344370861,1227.54933774834,22.3,NA,NA,NA,NA,NA,NA,NA,NA,NA,NA,NA,NA,NA,NA,NA
"254",2022-07-01,"LB","tundra","undisturbed","tundra_undisturbed","y","LBI4",62.54735489,-0.010631918,NA,84.11149909,-21.5641442,24.3666666666667,32.6666666666667,NA,30.6945215946844,507.030564784053,3.2,NA,NA,NA,NA,NA,NA,NA,NA,NA,NA,NA,NA,NA,NA,NA
"255",2022-07-01,"LB","tundra","disturbed","tundra_disturbed","y","LBS1",NA,NA,NA,NA,NA,31.8162476,20.3333333333333,19.014904,30.661701986755,1085.09900662252,12.8,NA,NA,NA,NA,NA,NA,NA,NA,NA,NA,NA,NA,NA,NA,NA
"256",2022-07-01,"LB","tundra","disturbed","tundra_disturbed","n","LBS2",-1.223110062,-0.008853252,NA,131.1809047,-132.4040148,45.7666666666667,27,11.88127164,31.2736112956811,1072.50398671096,1.3,NA,NA,NA,NA,NA,NA,NA,NA,NA,NA,NA,NA,NA,NA,NA
"257",2022-07-01,"LB","tundra","disturbed","tundra_disturbed","y","LBS4",-75.40879561,-0.006519976,NA,153.4810127,-228.8898083,54.7450400071111,41.3333333333333,NA,28.8881495016611,1120.2780730897,14,NA,NA,NA,NA,NA,NA,NA,NA,NA,NA,NA,NA,NA,NA,NA
"258",2022-07-02,"BB","tundra","undisturbed","tundra_undisturbed","y","BBI1",20.96740826,-0.0313995,NA,58.27466218,-37.30725392,33.2,41.3333333333333,NA,33.2341262458472,1007.35448504983,2.4,NA,NA,NA,NA,NA,NA,NA,NA,NA,NA,NA,NA,NA,NA,NA
"259",2022-07-02,"BB","tundra","undisturbed","tundra_undisturbed","y","BBI2",-9.664079883,-0.003277392,NA,82.88199715,-92.54607703,22.1333333333333,28.6666666666667,20.28114563,33.2115894039735,835.471523178808,5.7,NA,NA,NA,NA,NA,NA,NA,NA,NA,NA,NA,NA,NA,NA,NA
"260",2022-07-02,"BB","tundra","undisturbed","tundra_undisturbed","y","BBI3",-42.86849479,-0.012387473,NA,122.0663026,-164.9347974,14,17.3333333333333,NA,32.2353666666667,1075.93333333333,10.3,NA,NA,NA,NA,NA,NA,NA,NA,NA,NA,NA,NA,NA,NA,NA
"261",2022-07-02,"BB","tundra","undisturbed","tundra_undisturbed","y","BBI4",NA,-0.002140005,NA,99.84911331,NA,24.8,29.6666666666667,19.948,33.5508870431894,1074.43920265781,2.7,NA,NA,NA,NA,NA,NA,NA,NA,NA,NA,NA,NA,NA,NA,NA
"262",2022-07-02,"BB","tundra","disturbed","tundra_disturbed","n","BBS1",-0.298932841,-0.000607188,NA,39.58081146,-39.8797443,46.8333333333333,48.6666666666667,17.74623166,33.4876466666667,1060.68333333333,0.2,NA,NA,NA,NA,NA,NA,NA,NA,NA,NA,NA,NA,NA,NA,NA
"263",2022-07-02,"BB","tundra","disturbed","tundra_disturbed","y","BBS2",5.453802719,-0.002134103,NA,150.0658062,-144.6120035,34.5333333333333,51.3333333333333,20.28096651,31.7324717607973,1069.84617940199,4.5,NA,NA,NA,NA,NA,NA,NA,NA,NA,NA,NA,NA,NA,NA,NA
"264",2022-07-02,"BB","tundra","disturbed","tundra_disturbed","n","BBS3",-8.849104022,-0.003109873,NA,22.82716501,-31.67626903,47,44.6666666666667,NA,33.6713633333333,1076.94166666667,0,NA,NA,NA,NA,NA,NA,NA,NA,NA,NA,NA,NA,NA,NA,NA
"265",2022-07-02,"BB","tundra","disturbed","tundra_disturbed","y","BBS4",0.689645846,-0.007457515,NA,203.8418953,-203.1522495,31.4333333333333,39,NA,32.1646644518272,1099.59700996678,17.1,NA,NA,NA,NA,NA,NA,NA,NA,NA,NA,NA,NA,NA,NA,NA
"266",2022-07-04,"LB","tundra","undisturbed","tundra_undisturbed","y","LBI1",96.53876831,-0.019159036,NA,NA,NA,32.131156784,17.6666666666667,23.78123387,37.3515662251656,769.552649006622,NA,NA,NA,NA,NA,NA,NA,NA,NA,NA,NA,NA,NA,NA,NA,NA
"267",2022-07-04,"LB","tundra","undisturbed","tundra_undisturbed","y","LBI2",129.6326844,-0.016150807,NA,NA,NA,35.3,34,26.62571729,35.3362823920266,275.560465116279,NA,NA,NA,NA,NA,NA,NA,NA,NA,NA,NA,NA,NA,NA,NA,NA
"268",2022-07-04,"LB","tundra","undisturbed","tundra_undisturbed","y","LBI3",-90.2792443,-0.015351299,NA,128.970007,-219.2492513,36.901816804,37.3333333333333,NA,34.5910733333333,679.75,NA,NA,NA,NA,NA,NA,NA,NA,NA,NA,NA,NA,NA,NA,NA,NA
"269",2022-07-04,"LB","tundra","undisturbed","tundra_undisturbed","y","LBI4",116.483664,-0.010674479,NA,110.8777824,5.6058816,20.2666666666667,30.6666666666667,NA,35.282803986711,793.899335548173,NA,NA,NA,NA,NA,NA,NA,NA,NA,NA,NA,NA,NA,NA,NA,NA
"270",2022-07-04,"LB","tundra","disturbed","tundra_disturbed","y","LBS4",0.054410259,-0.006501602,NA,NA,NA,30.5898979484444,43.6666666666667,NA,33.7918366666667,597.925,NA,NA,NA,NA,NA,NA,NA,NA,NA,NA,NA,NA,NA,NA,NA,NA
"271",2022-07-04,"LB","tundra","disturbed","tundra_disturbed","n","LBS2",NA,-0.013250859,NA,NA,NA,45.1333333333333,29.3333333333333,13.2151211,30.36294,274.425,NA,NA,NA,NA,NA,NA,NA,NA,NA,NA,NA,NA,NA,NA,NA,NA
"272",2022-07-04,"LB","tundra","disturbed","tundra_disturbed","y","LBS1",0.277525551,-0.006530167,NA,NA,NA,33.636966976,21.3333333333333,21.19268127,30.1832218543046,268.211589403974,NA,NA,NA,NA,NA,NA,NA,NA,NA,NA,NA,NA,NA,NA,NA,NA
"273",2022-07-06,"BB","tundra","undisturbed","tundra_undisturbed","y","BBI4",83.36165786,-0.044596181,NA,77.37905351,5.98260435,26.0333333333333,35,15.14723052,29.0882266666667,881.108333333333,3.8,NA,NA,NA,NA,NA,NA,NA,NA,NA,NA,NA,NA,NA,NA,NA
"274",2022-07-06,"BB","tundra","undisturbed","tundra_undisturbed","y","BBI3",-19.67819433,-0.002022692,NA,104.7805348,-124.4587291,15.9,33.6666666666667,NA,29.1755960264901,940.256291390728,11.4,NA,NA,NA,NA,NA,NA,NA,NA,NA,NA,NA,NA,NA,NA,NA
"275",2022-07-06,"BB","tundra","undisturbed","tundra_undisturbed","y","BBI2",-82.2982271,-0.07876794,NA,53.73591704,-136.0341441,25.9666666666667,34.6666666666667,17.64066923,29.1073046357616,876.630463576159,6.9,NA,NA,NA,NA,NA,NA,NA,NA,NA,NA,NA,NA,NA,NA,NA
"276",2022-07-06,"BB","tundra","undisturbed","tundra_undisturbed","y","BBI1",0.176131561,-0.034385445,NA,65.74153234,-65.56540078,33.3,54,NA,27.5395761589404,963.186754966887,3.2,NA,NA,NA,NA,NA,NA,NA,NA,NA,NA,NA,NA,NA,NA,NA
"277",2022-07-06,"BB","tundra","disturbed","tundra_disturbed","n","BBS1",2.169415527,-0.014571573,NA,NA,NA,46.3,56.3333333333333,15.72128758,27.2442425249169,884.01561461794,0.4,NA,NA,NA,NA,NA,NA,NA,NA,NA,NA,NA,NA,NA,NA,NA
"278",2022-07-06,"BB","tundra","disturbed","tundra_disturbed","y","BBS2",-73.82826967,-0.008382717,NA,113.472544,-187.3008137,36.7333333333333,61,17.6733298,27.1060465116279,885.925913621262,9.6,NA,NA,NA,NA,NA,NA,NA,NA,NA,NA,NA,NA,NA,NA,NA
"279",2022-07-06,"BB","tundra","disturbed","tundra_disturbed","n","BBS3",-10.20192044,-0.00157121,NA,21.57972838,-31.78164882,45.7333333333333,49.6666666666667,NA,27.2373621262459,870.975747508306,0.1,NA,NA,NA,NA,NA,NA,NA,NA,NA,NA,NA,NA,NA,NA,NA
"280",2022-07-06,"BB","tundra","disturbed","tundra_disturbed","y","BBS4",-85.95968436,0.022413249,NA,127.0213671,-212.9810515,34.6,51.6666666666667,NA,27.1117508305648,864.422591362126,23.1,NA,NA,NA,NA,NA,NA,NA,NA,NA,NA,NA,NA,NA,NA,NA
"281",2022-07-10,"LB","tundra","undisturbed","tundra_undisturbed","y","LBI1",NA,-0.021971856,NA,106.5151298,NA,31.1364543271111,27.6666666666667,11.985302,21.9631721854305,808.070860927152,12.8,NA,NA,NA,NA,NA,NA,NA,NA,NA,NA,NA,NA,NA,NA,NA
"282",2022-07-10,"LB","tundra","undisturbed","tundra_undisturbed","y","LBI2",38.3580915,-0.030581952,NA,97.09929253,-58.74120103,30.0666666666667,30,12.47647327,20.5757966666667,873.908333333333,16.9,NA,NA,NA,NA,NA,NA,NA,NA,NA,NA,NA,NA,NA,NA,NA
"283",2022-07-10,"LB","tundra","undisturbed","tundra_undisturbed","y","LBI3",NA,-0.020447714,NA,89.58926296,NA,26.4489199004444,57,NA,22.0207682119205,791.555960264901,27.7,NA,NA,NA,NA,NA,NA,NA,NA,NA,NA,NA,NA,NA,NA,NA
"284",2022-07-10,"LB","tundra","undisturbed","tundra_undisturbed","y","LBI4",32.42580561,-0.024364208,NA,95.11839031,-62.6925847,22.4,49,NA,21.3535049833887,466.690033222591,8.1,NA,NA,NA,NA,NA,NA,NA,NA,NA,NA,NA,NA,NA,NA,NA
"285",2022-07-10,"LB","tundra","disturbed","tundra_disturbed","y","LBS4",-200.3703428,-0.003821346,NA,131.0808307,-331.4511735,43.401007684,59,NA,19.8772724252492,774.16511627907,25.8,NA,NA,NA,NA,NA,NA,NA,NA,NA,NA,NA,NA,NA,NA,NA
"286",2022-07-10,"LB","tundra","disturbed","tundra_disturbed","n","LBS2",-11.04581293,-0.008088615,NA,62.84544108,-73.89125401,42.4333333333333,38,8.655217139,21.5131162790698,675.402657807309,8.1,NA,NA,NA,NA,NA,NA,NA,NA,NA,NA,NA,NA,NA,NA,NA
"287",2022-07-10,"LB","tundra","disturbed","tundra_disturbed","y","LBS1",NA,0.000820934,NA,239.9814023,NA,32.4073025,24,12.76728172,22.1010695364238,634.552649006622,45.6,NA,NA,NA,NA,NA,NA,NA,NA,NA,NA,NA,NA,NA,NA,NA
"288",2022-07-14,"BB","tundra","undisturbed","tundra_undisturbed","y","BBI4",-5.459985532,-0.003280908,NA,NA,NA,25.3666666666667,47.3333333333333,8.382,9.35903986710963,697.387707641196,NA,NA,NA,NA,NA,NA,NA,NA,NA,NA,NA,NA,NA,NA,NA,NA
"289",2022-07-14,"BB","tundra","undisturbed","tundra_undisturbed","y","BBI3",-63.06178938,-0.033319608,NA,24.09128152,-87.1530709,17.4,53.6666666666667,NA,8.90581,329.6,NA,NA,NA,NA,NA,NA,NA,NA,NA,NA,NA,NA,NA,NA,NA,NA
"290",2022-07-14,"BB","tundra","undisturbed","tundra_undisturbed","y","BBI2",4.812395266,-0.097711834,NA,71.19426425,-66.38186898,18.1333333333333,57.6666666666667,5.830143744,7.3046059602649,197.68178807947,NA,NA,NA,NA,NA,NA,NA,NA,NA,NA,NA,NA,NA,NA,NA,NA
"291",2022-07-14,"BB","tundra","undisturbed","tundra_undisturbed","y","BBI1",-10.90550195,-0.056439129,NA,20.35213623,-31.25763818,26.7333333333333,72.3333333333333,NA,7.51433666666667,240.433333333333,NA,NA,NA,NA,NA,NA,NA,NA,NA,NA,NA,NA,NA,NA,NA,NA
"292",2022-07-14,"BB","tundra","disturbed","tundra_disturbed","n","BBS1",-8.524043087,-0.001171013,NA,9.603480029,-18.12752312,44.8666666666667,65.3333333333333,7.446026287,7.00481,205.141666666667,NA,NA,NA,NA,NA,NA,NA,NA,NA,NA,NA,NA,NA,NA,NA,NA
"293",2022-07-14,"BB","tundra","disturbed","tundra_disturbed","y","BBS2",-59.16461693,-0.001200849,NA,32.29968613,-91.46430306,31.2666666666667,67.6666666666667,7.332701452,7.07116556291391,229.105629139073,NA,NA,NA,NA,NA,NA,NA,NA,NA,NA,NA,NA,NA,NA,NA,NA
"294",2022-07-14,"BB","tundra","disturbed","tundra_disturbed","n","BBS3",-4.562157284,-0.001172686,NA,8.55449568,-13.11665296,44.7333333333333,60.3333333333333,NA,7.25160333333333,348.883333333333,NA,NA,NA,NA,NA,NA,NA,NA,NA,NA,NA,NA,NA,NA,NA,NA
"295",2022-07-14,"BB","tundra","disturbed","tundra_disturbed","y","BBS4",-110.3115856,-0.00827058,NA,22.11309962,-132.4246852,26.4333333333333,65,NA,7.12233887043189,268.558803986711,NA,NA,NA,NA,NA,NA,NA,NA,NA,NA,NA,NA,NA,NA,NA,NA
"296",2022-07-16,"LB","tundra","undisturbed","tundra_undisturbed","y","LBI1",57.93785878,-0.047974238,NA,135.0682176,-77.13035882,32.249436356,34.6666666666667,12.787,19.77587,292.225,NA,NA,NA,NA,NA,NA,NA,NA,NA,NA,NA,NA,NA,NA,NA,NA
"297",2022-07-16,"LB","tundra","undisturbed","tundra_undisturbed","y","LBI2",33.34321424,-0.024708788,NA,66.96649346,-33.62327922,25.6666666666667,52,15.7231955,18.5641627906977,223.135215946844,NA,NA,NA,NA,NA,NA,NA,NA,NA,NA,NA,NA,NA,NA,NA,NA
"298",2022-07-16,"LB","tundra","undisturbed","tundra_undisturbed","y","LBI3",-51.17711556,-0.025242011,NA,65.28995423,-116.4670698,35.683867684,52.3333333333333,NA,18.4181627906977,183.658471760797,NA,NA,NA,NA,NA,NA,NA,NA,NA,NA,NA,NA,NA,NA,NA,NA
"299",2022-07-16,"LB","tundra","undisturbed","tundra_undisturbed","y","LBI4",50.130816,-0.024824827,NA,60.61051078,-10.47969478,18.7666666666667,49.6666666666667,NA,18.0435315614618,159.239867109635,NA,NA,NA,NA,NA,NA,NA,NA,NA,NA,NA,NA,NA,NA,NA,NA
"300",2022-07-16,"LB","tundra","disturbed","tundra_disturbed","y","LBS4",-47.19615664,-0.00403504,NA,89.00809387,-136.2042505,32.3941400017778,63,NA,18.0465298013245,262.623841059603,NA,NA,NA,NA,NA,NA,NA,NA,NA,NA,NA,NA,NA,NA,NA,NA
"301",2022-07-16,"LB","tundra","disturbed","tundra_disturbed","n","LBS2",16.78947212,-0.010034685,NA,75.97160232,-59.1821302,42.6666666666667,42,8.807171639,17.1849235880399,171.548837209302,NA,NA,NA,NA,NA,NA,NA,NA,NA,NA,NA,NA,NA,NA,NA,NA
"302",2022-07-16,"LB","tundra","disturbed","tundra_disturbed","y","LBS1",-69.78567336,-0.007930007,NA,165.2933374,-235.0790108,30.408210416,36,13.06155893,15.9505049833887,165.444186046512,NA,NA,NA,NA,NA,NA,NA,NA,NA,NA,NA,NA,NA,NA,NA,NA
"303",2022-07-21,"LB","tundra","undisturbed","tundra_undisturbed","y","LBI1",39.35791672,-0.017677977,NA,NA,NA,42.383023876,53.3333333333333,12.34131764,17.4564238410596,230.579139072848,NA,NA,NA,NA,NA,NA,NA,NA,NA,NA,NA,NA,NA,NA,NA,NA
"304",2022-07-21,"LB","tundra","undisturbed","tundra_undisturbed","y","LBI2",NA,-0.038941024,NA,NA,NA,36.2666666666667,65.3333333333333,12.207,16.4896212624585,252.877740863787,NA,NA,NA,NA,NA,NA,NA,NA,NA,NA,NA,NA,NA,NA,NA,NA
"305",2022-07-21,"LB","tundra","undisturbed","tundra_undisturbed","y","LBI3",-139.3311725,-0.02065281,NA,126.8748091,-266.2059816,38.2534444,64.6666666666667,NA,17.7359235880399,444.082059800664,NA,NA,NA,NA,NA,NA,NA,NA,NA,NA,NA,NA,NA,NA,NA,NA
"306",2022-07-21,"LB","tundra","undisturbed","tundra_undisturbed","y","LBI4",NA,-0.018674021,NA,150.8301043,NA,30.3,67,NA,19.5619033333333,807.808333333333,NA,NA,NA,NA,NA,NA,NA,NA,NA,NA,NA,NA,NA,NA,NA,NA
"307",2022-07-21,"LB","tundra","disturbed","tundra_disturbed","y","LBS4",-183.5574383,-0.001791671,NA,120.2126994,-303.7701377,40.9381893617778,74,NA,20.2583255813954,986.000664451827,NA,NA,NA,NA,NA,NA,NA,NA,NA,NA,NA,NA,NA,NA,NA,NA
"308",2022-07-21,"LB","tundra","disturbed","tundra_disturbed","n","LBS2",-17.20582618,-0.006623698,NA,74.27513656,-91.48096274,47.5333333333333,64.3333333333333,9.571,18.8329003322259,518.07707641196,NA,NA,NA,NA,NA,NA,NA,NA,NA,NA,NA,NA,NA,NA,NA,NA
"309",2022-07-21,"LB","tundra","disturbed","tundra_disturbed","y","LBS1",NA,-0.006223652,NA,151.32797,NA,41.0080157551111,48.6666666666667,11.431,20.909169435216,923.616943521595,NA,NA,NA,NA,NA,NA,NA,NA,NA,NA,NA,NA,NA,NA,NA,NA
"310",2022-07-24,"BB","tundra","undisturbed","tundra_undisturbed","y","BBI4",81.60132671,-0.095620483,NA,NA,NA,25.2666666666667,NA,9.256164946,17.2310860927152,565.827483443709,NA,NA,NA,NA,NA,NA,NA,NA,NA,NA,NA,NA,NA,NA,NA,NA
"311",2022-07-24,"BB","tundra","undisturbed","tundra_undisturbed","y","BBI3",-41.88185891,-0.027485213,NA,67.37819706,-109.260056,22.9,NA,NA,17.2846766666667,650.266666666667,NA,NA,NA,NA,NA,NA,NA,NA,NA,NA,NA,NA,NA,NA,NA,NA
"312",2022-07-24,"BB","tundra","undisturbed","tundra_undisturbed","y","BBI2",-50.86750585,-0.050175938,NA,84.46710891,-135.3346148,21.9666666666667,NA,10.54528019,16.4953455149502,579.306312292359,NA,NA,NA,NA,NA,NA,NA,NA,NA,NA,NA,NA,NA,NA,NA,NA
"313",2022-07-24,"BB","tundra","undisturbed","tundra_undisturbed","y","BBI1",-2.817056279,-0.079159751,NA,86.0068835,-88.82393978,28.3,NA,NA,15.0872159468439,550.751495016611,NA,NA,NA,NA,NA,NA,NA,NA,NA,NA,NA,NA,NA,NA,NA,NA
"314",2022-07-24,"BB","tundra","disturbed","tundra_disturbed","n","BBS1",-15.15632523,-0.004615884,NA,26.85552022,-42.01184545,45.2333333333333,NA,13.846,15.3566390728477,748.327483443709,NA,NA,NA,NA,NA,NA,NA,NA,NA,NA,NA,NA,NA,NA,NA,NA
"315",2022-07-24,"BB","tundra","disturbed","tundra_disturbed","y","BBS2",-108.9053193,-0.014700378,NA,87.76735803,-196.6726773,21.8666666666667,NA,12.207,15.1878571428571,462.113621262458,NA,NA,NA,NA,NA,NA,NA,NA,NA,NA,NA,NA,NA,NA,NA,NA
"316",2022-07-24,"BB","tundra","disturbed","tundra_disturbed","y","BBS4",-114.9948081,-0.017422322,NA,183.6388272,-298.6336353,33.0333333333333,NA,NA,17.071780730897,890.992358803987,NA,NA,NA,NA,NA,NA,NA,NA,NA,NA,NA,NA,NA,NA,NA,NA
"317",2022-07-25,"LB","tundra","undisturbed","tundra_undisturbed","y","LBI1",NA,NA,NA,NA,NA,35.0653336111111,47.3333333333333,14.996,26.6834950166113,1065.37774086379,NA,NA,NA,NA,NA,NA,NA,NA,NA,NA,NA,NA,NA,NA,NA,NA
"318",2022-07-25,"LB","tundra","undisturbed","tundra_undisturbed","y","LBI2",NA,-0.049390597,NA,183.6536164,NA,37,66,13.942,26.5132325581395,1176.19169435216,NA,NA,NA,NA,NA,NA,NA,NA,NA,NA,NA,NA,NA,NA,NA,NA
"319",2022-07-25,"LB","tundra","undisturbed","tundra_undisturbed","y","LBI3",-162.708974,-0.05465848,NA,135.7877911,-298.4967651,30.8498834417778,72.3333333333333,NA,26.1760165562914,821.870529801324,NA,NA,NA,NA,NA,NA,NA,NA,NA,NA,NA,NA,NA,NA,NA,NA
"320",2022-07-25,"LB","tundra","undisturbed","tundra_undisturbed","y","LBI4",43.83645329,-0.019804061,NA,137.3375839,-93.50113061,26.0333333333333,65.6666666666667,NA,27.0321727574751,1072.50398671096,NA,NA,NA,NA,NA,NA,NA,NA,NA,NA,NA,NA,NA,NA,NA,NA
"321",2022-07-25,"LB","tundra","disturbed","tundra_disturbed","y","LBS4",-111.647118,2.16e-06,NA,101.0205738,-212.6676918,38.6379813671111,73.3333333333333,NA,24.15494,969.075,NA,NA,NA,NA,NA,NA,NA,NA,NA,NA,NA,NA,NA,NA,NA,NA
"322",2022-07-25,"LB","tundra","disturbed","tundra_disturbed","n","LBS2",-8.887106721,-0.011883166,NA,62.37683622,-71.26394294,43.6333333333333,54.6666666666667,10.9374956,26.6926312292359,929.95415282392,NA,NA,NA,NA,NA,NA,NA,NA,NA,NA,NA,NA,NA,NA,NA,NA
"323",2022-07-25,"LB","tundra","disturbed","tundra_disturbed","y","LBS1",NA,-0.005861872,NA,NA,NA,38.748031984,60,17.18717411,26.852142384106,734.527814569536,NA,NA,NA,NA,NA,NA,NA,NA,NA,NA,NA,NA,NA,NA,NA,NA
"324",2022-08-23,"BB","tundra","undisturbed","tundra_undisturbed","y","BBI4",-0.200864387,-0.007609983,NA,86.97245073,-87.17331512,29.1666666666667,NA,6.064,14.99757,669.925,3.2,NA,NA,NA,NA,NA,NA,NA,NA,NA,NA,NA,NA,NA,NA,NA
"325",2022-08-23,"BB","tundra","undisturbed","tundra_undisturbed","y","BBI3",-138.7383287,-0.02811793,NA,61.79659491,-200.5349236,23.1666666666667,NA,NA,15.9843233333333,625.85,9.3,NA,NA,NA,NA,NA,NA,NA,NA,NA,NA,NA,NA,NA,NA,NA
"326",2022-08-23,"BB","tundra","undisturbed","tundra_undisturbed","y","BBI2",-58.32883069,-0.026887104,NA,74.2394003,-132.568231,22.4,NA,9.996780727,16.66264,540.875,6,NA,NA,NA,NA,NA,NA,NA,NA,NA,NA,NA,NA,NA,NA,NA
"327",2022-08-23,"BB","tundra","undisturbed","tundra_undisturbed","y","BBI1",-27.17226129,-0.027086632,NA,38.35310899,-65.52537028,25.8333333333333,NA,NA,15.3572466666667,442.441666666667,3.3,NA,NA,NA,NA,NA,NA,NA,NA,NA,NA,NA,NA,NA,NA,NA
"328",2022-08-23,"BB","tundra","disturbed","tundra_disturbed","n","BBS1",-26.31371332,-0.001437025,NA,16.7840712,-43.09778452,45.1666666666667,NA,9.373,15.7695333333333,437.241666666667,0.6,NA,NA,NA,NA,NA,NA,NA,NA,NA,NA,NA,NA,NA,NA,NA
"329",2022-08-23,"BB","tundra","disturbed","tundra_disturbed","y","BBS2",-83.17690193,-0.001272643,NA,61.71326529,-144.8901672,37.7666666666667,NA,8.182,17.26569,610.375,10.7,NA,NA,NA,NA,NA,NA,NA,NA,NA,NA,NA,NA,NA,NA,NA
"330",2022-08-23,"BB","tundra","disturbed","tundra_disturbed","n","BBS3",-13.17185625,-0.002212231,NA,8.553765626,-21.72562188,44.7,55,NA,18.7048666666667,644.075,0,NA,NA,NA,NA,NA,NA,NA,NA,NA,NA,NA,NA,NA,NA,NA
"331",2022-08-23,"BB","tundra","disturbed","tundra_disturbed","y","BBS4",-106.5621398,-0.008563329,NA,97.04540886,-203.6075487,30.9333333333333,NA,NA,16.5742033333333,552.45,17.4,NA,NA,NA,NA,NA,NA,NA,NA,NA,NA,NA,NA,NA,NA,NA
"332",2022-08-23,"LB","tundra","undisturbed","tundra_undisturbed","y","LBI1",2.915230982,-0.03039876,NA,82.07408032,-79.15884934,42.3971174471111,51.6666666666667,12.26936848,15.6877966666667,312.8,6,NA,NA,NA,NA,NA,NA,NA,NA,NA,NA,NA,NA,NA,NA,NA
"333",2022-08-23,"LB","tundra","undisturbed","tundra_undisturbed","y","LBI2",68.47521134,-0.015803865,NA,77.1551299,-8.67991856,34.7333333333333,NA,12.81217646,15.3974533333333,315.066666666667,10,NA,NA,NA,NA,NA,NA,NA,NA,NA,NA,NA,NA,NA,NA,NA
"334",2022-08-23,"LB","tundra","undisturbed","tundra_undisturbed","y","LBI3",-137.9389893,-0.019997224,NA,80.15118993,-218.0901792,40.784683076,NA,NA,15.8916566666667,299.55,27.8,NA,NA,NA,NA,NA,NA,NA,NA,NA,NA,NA,NA,NA,NA,NA
"335",2022-08-23,"LB","tundra","undisturbed","tundra_undisturbed","y","LBI4",45.61636666,-0.0224826,NA,93.43297437,-47.81660771,30.9333333333333,NA,NA,15.4571733333333,249.941666666667,7.5,NA,NA,NA,NA,NA,NA,NA,NA,NA,NA,NA,NA,NA,NA,NA
"336",2022-08-23,"LB","tundra","disturbed","tundra_disturbed","y","LBS4",-78.81696468,-0.015553029,NA,60.25372233,-139.070687,45.9603634471111,NA,NA,14.96473,173.391666666667,12.4,NA,NA,NA,NA,NA,NA,NA,NA,NA,NA,NA,NA,NA,NA,NA
"337",2022-08-23,"LB","tundra","disturbed","tundra_disturbed","n","LBS2",-3.108391894,-0.001007204,NA,53.16266099,-56.27105288,46.7,NA,8.183716865,14.6985,173.508333333333,4.3,NA,NA,NA,NA,NA,NA,NA,NA,NA,NA,NA,NA,NA,NA,NA
"338",2022-08-23,"LB","tundra","disturbed","tundra_disturbed","y","LBS1",NA,-0.005958779,NA,93.64596086,NA,32.5521738151111,NA,8.879,15.0073766666667,156.383333333333,70.4,NA,NA,NA,NA,NA,NA,NA,NA,NA,NA,NA,NA,NA,NA,NA
"339",2022-08-26,"KI","tundra","undisturbed","tundra_undisturbed","y","KII1",-24.77552008,-0.00390728,NA,53.20617664,-77.98169672,49.824080996,56.6666666666667,12.21419989,22.7958405315615,843.691694352159,2.2,NA,NA,NA,NA,NA,NA,NA,NA,NA,NA,NA,NA,NA,NA,NA
"340",2022-08-26,"KI","tundra","undisturbed","tundra_undisturbed","y","KII2",-87.23875075,0.007627952,NA,67.1305865,-154.3693373,49.5333333333333,43,NA,21.9315866666667,732.633333333333,3.9,NA,NA,NA,NA,NA,NA,NA,NA,NA,NA,NA,NA,NA,NA,NA
"341",2022-08-26,"KI","tundra","undisturbed","tundra_undisturbed","y","KII3",-26.28395358,-0.009961939,NA,63.09561898,-89.37957256,40.3,61.3333333333333,10.70915494,22.1329166666667,95.1416666666667,4.1,NA,NA,NA,NA,NA,NA,NA,NA,NA,NA,NA,NA,NA,NA,NA
"342",2022-08-26,"KI","tundra","undisturbed","tundra_undisturbed","y","KII4",-49.13134599,-0.00115977,NA,93.89436988,-143.0257159,60.0373946951111,55,NA,24.6200166112957,705.967441860465,4.1,NA,NA,NA,NA,NA,NA,NA,NA,NA,NA,NA,NA,NA,NA,NA
"343",2022-08-26,"KI","tundra","disturbed","tundra_disturbed","y","KIL1",-29.72401689,0.000108625,NA,30.72287179,-60.44688868,49.4666666666667,NA,NA,23.460073089701,223.683388704319,10.2,NA,NA,NA,NA,NA,NA,NA,NA,NA,NA,NA,NA,NA,NA,NA
"344",2022-08-26,"KI","tundra","disturbed","tundra_disturbed","y","KIL2",-13.60405392,0.00190974,NA,32.83520434,-46.43925826,49.6,NA,16.13174039,23.1038073089701,353.500664451827,2.5,NA,NA,NA,NA,NA,NA,NA,NA,NA,NA,NA,NA,NA,NA,NA
"345",2022-08-26,"KI","tundra","disturbed","tundra_disturbed","y","KIL4",-2.5766264,-0.000807237,NA,87.55936483,-90.13599123,45.5,NA,14.60155904,24.332023255814,595.751495016611,0.7,NA,NA,NA,NA,NA,NA,NA,NA,NA,NA,NA,NA,NA,NA,NA
"346",2022-08-26,"KI","tundra","disturbed","tundra_disturbed","n","KIU4",-38.07558043,0.001304341,NA,5.174276359,-43.24985679,50.4,NA,16.84714211,23.6965980066445,660.510631229236,2.6,NA,NA,NA,NA,NA,NA,NA,NA,NA,NA,NA,NA,NA,NA,NA
"347",2022-08-26,"KI","tundra","disturbed","tundra_disturbed","y","KIU2",NA,-0.013243647,NA,195.4121677,NA,39.451515716,NA,NA,23.4063056478405,723.359468438538,18.7,NA,NA,NA,NA,NA,NA,NA,NA,NA,NA,NA,NA,NA,NA,NA
"348",2022-08-26,"KI","tundra","disturbed","tundra_disturbed","n","KIU1",-29.5460412,NA,NA,NA,NA,50.9,NA,NA,23.03232,664.475,3.7,NA,NA,NA,NA,NA,NA,NA,NA,NA,NA,NA,NA,NA,NA,NA
"349",2023-06-27,"LB","tundra","undisturbed","tundra_undisturbed","y","LBI1",NA,-0.027295039,NA,131.0383533,NA,24.5521904,17.3333333333333,14.7,21.450780730897,454.771428571428,3.6,NA,NA,NA,NA,NA,NA,NA,NA,NA,NA,NA,NA,NA,NA,NA
"350",2023-06-27,"LB","tundra","undisturbed","tundra_undisturbed","y","LBI2",15.17691185,-0.0312896,NA,118.0145463,-102.8376345,27.7666666666667,38.6666666666667,24.1,21.1744407407407,845.275,9.5,NA,NA,NA,NA,NA,NA,NA,NA,NA,NA,NA,NA,NA,NA,NA
"351",2023-06-27,"LB","tundra","undisturbed","tundra_undisturbed","y","LBI3",-312.4050979,0.005734834,NA,70.20189726,-382.6069952,30.097325296,39.3333333333333,19.1,21.6148620309051,871.158609271523,NA,NA,NA,NA,NA,NA,NA,NA,NA,NA,NA,NA,NA,NA,NA,NA
"352",2023-06-27,"LB","tundra","undisturbed","tundra_undisturbed","y","LBI4",102.5177379,-0.010990654,NA,77.82689299,24.69084491,28.5,35.6666666666667,18.2,22.1895275009228,463.575415282392,8.2,NA,NA,NA,NA,NA,NA,NA,NA,NA,NA,NA,NA,NA,NA,NA
"353",2023-06-27,"LB","tundra","disturbed","tundra_disturbed","y","LBS4",-136.3774076,-0.002895899,NA,167.861325,-304.2387326,37.7331656604445,44,22.6,24.0893816906608,1037.40431893688,8.1,NA,NA,NA,NA,NA,NA,NA,NA,NA,NA,NA,NA,NA,NA,NA
"354",2023-06-27,"LB","tundra","disturbed","tundra_disturbed","n","LBS2",-2.037674844,-0.006611371,NA,71.6505675,-73.68824234,45.8333333333333,31.3333333333333,10.5,27.2056681432263,1099.41428571429,0.8,NA,NA,NA,NA,NA,NA,NA,NA,NA,NA,NA,NA,NA,NA,NA
"355",2023-06-27,"LB","tundra","disturbed","tundra_disturbed","y","LBS1",NA,-0.003009273,NA,230.1818414,NA,28.938022336,32,22.1,26.1765374677002,1016.74817275748,16.3,NA,NA,NA,NA,NA,NA,NA,NA,NA,NA,NA,NA,NA,NA,NA
"356",2023-06-30,"BB","tundra","undisturbed","tundra_undisturbed","y","BBI2",-78.19196253,-0.020474593,NA,69.60339334,-147.7953559,24,38,14.4,31.1518833333333,649.25,5.8,NA,NA,NA,NA,NA,NA,NA,NA,NA,NA,NA,NA,NA,NA,NA
"357",2023-06-30,"BB","tundra","undisturbed","tundra_undisturbed","y","BBI1",-8.029419988,-0.039012899,NA,82.56468319,-90.59410318,29.4666666666667,56.6666666666667,11.4,30.1949800664452,831.158471760797,2.8,NA,NA,NA,NA,NA,NA,NA,NA,NA,NA,NA,NA,NA,NA,NA
"358",2023-06-30,"BB","tundra","undisturbed","tundra_undisturbed","y","BBI4",42.52843803,-0.05307543,NA,110.6659453,-68.13750727,24.6666666666667,38.3333333333333,14.2,30.7652325581395,961.274750830565,8.4,NA,NA,NA,NA,NA,NA,NA,NA,NA,NA,NA,NA,NA,NA,NA
"359",2023-06-30,"BB","tundra","undisturbed","tundra_undisturbed","y","BBI3",-127.2997505,-0.072735476,NA,174.0413987,-301.3411492,26.2333333333333,31.3333333333333,9.9,31.4041295681063,917.76976744186,18.3,NA,NA,NA,NA,NA,NA,NA,NA,NA,NA,NA,NA,NA,NA,NA
"360",2023-06-30,"BB","tundra","disturbed","tundra_disturbed","n","BBS1",-8.893621052,0.004718998,NA,43.95110286,-52.84472391,46.6333333333333,52.6666666666667,15.1,29.0746046511628,852.595348837209,3.2,NA,NA,NA,NA,NA,NA,NA,NA,NA,NA,NA,NA,NA,NA,NA
"361",2023-06-30,"BB","tundra","disturbed","tundra_disturbed","y","BBS2",-176.282954,-0.044918081,NA,111.2155327,-287.4984867,35.9666666666667,66,16,29.0615264900662,959.296026490066,16.1,NA,NA,NA,NA,NA,NA,NA,NA,NA,NA,NA,NA,NA,NA,NA
"362",2023-06-30,"BB","tundra","disturbed","tundra_disturbed","n","BBS3",-13.23334965,-0.000254834,NA,33.24256624,-46.47591589,NA,52,14.4,30.2349734219269,804.95415282392,1.2,NA,NA,NA,NA,NA,NA,NA,NA,NA,NA,NA,NA,NA,NA,NA
"363",2023-06-30,"BB","tundra","disturbed","tundra_disturbed","y","BBS4",NA,-0.005856497,NA,158.8512176,NA,39.1333333333333,52.6666666666667,20.9,31.1264485049834,886.482392026578,16.7,NA,NA,NA,NA,NA,NA,NA,NA,NA,NA,NA,NA,NA,NA,NA
"364",2023-07-01,"KI","tundra","undisturbed","tundra_undisturbed","y","KII1",-108.1642706,0.000600718,NA,69.97140296,-178.1356736,57.9888344817778,17,9.1,27.003634551495,789.447508305648,4.1,NA,NA,NA,NA,NA,NA,NA,NA,NA,NA,NA,NA,NA,NA,NA
"365",2023-07-01,"KI","tundra","undisturbed","tundra_undisturbed","y","KII2",-282.6465876,-0.003680286,NA,96.16036175,-378.8069494,38.3666666666667,21.3333333333333,7.9,26.3747086092715,765.190066225165,20.8,NA,NA,NA,NA,NA,NA,NA,NA,NA,NA,NA,NA,NA,NA,NA
"366",2023-07-01,"KI","tundra","undisturbed","tundra_undisturbed","y","KII3",-173.0751186,-0.009913924,NA,52.16501935,-225.240138,43.1666666666667,28,9.9,26.3405529801325,823.973178807947,13.9,NA,NA,NA,NA,NA,NA,NA,NA,NA,NA,NA,NA,NA,NA,NA
"367",2023-07-01,"KI","tundra","undisturbed","tundra_undisturbed","y","KII4",NA,-0.043135863,NA,122.3669439,NA,57.7112001617778,21.6666666666667,10.6,25.3311920529801,823.393708609271,19,NA,NA,NA,NA,NA,NA,NA,NA,NA,NA,NA,NA,NA,NA,NA
"368",2023-07-01,"KI","tundra","disturbed","tundra_disturbed","n","KIU4",-101.155847,0.00160422,NA,55.04742761,-156.2032746,50.3,61.3333333333333,18.4,27.2005960264901,831.009602649007,11.9,NA,NA,NA,NA,NA,NA,NA,NA,NA,NA,NA,NA,NA,NA,NA
"369",2023-07-01,"KI","tundra","disturbed","tundra_disturbed","y","KIU3",-175.2238314,-0.048258428,NA,NA,NA,46.5667777777778,52,16.1,27.2725714285714,920.178405315615,31.1,NA,NA,NA,NA,NA,NA,NA,NA,NA,NA,NA,NA,NA,NA,NA
"370",2023-07-01,"KI","tundra","disturbed","tundra_disturbed","y","KIU2",-364.5458449,-0.018222888,NA,141.3522511,-505.898096,35.239864256,45.6666666666667,19,27.0601390728477,1014.37052980132,35.9,NA,NA,NA,NA,NA,NA,NA,NA,NA,NA,NA,NA,NA,NA,NA
"371",2023-07-01,"KI","tundra","disturbed","tundra_disturbed","n","KIU1",-99.15932653,-0.002958454,NA,71.89523553,-171.0545621,48.7333333333333,68,17.8,25.2777441860465,1086.72325581395,26.6,NA,NA,NA,NA,NA,NA,NA,NA,NA,NA,NA,NA,NA,NA,NA
"372",2023-07-01,"KI","tundra","disturbed","tundra_disturbed","y","KIL1",-53.70039433,0.002336339,NA,77.39497692,-131.0953713,46.8333333333333,70.6666666666667,14.8,26.7407408637874,1087.61196013289,5.8,NA,NA,NA,NA,NA,NA,NA,NA,NA,NA,NA,NA,NA,NA,NA
"373",2023-07-01,"KI","tundra","disturbed","tundra_disturbed","y","KIL2",-0.036945643,-0.000723507,NA,102.0283064,-102.065252,49.8,77.6666666666667,19.5,26.0179667774086,883.22657807309,4.5,NA,NA,NA,NA,NA,NA,NA,NA,NA,NA,NA,NA,NA,NA,NA
"374",2023-07-01,"KI","tundra","disturbed","tundra_disturbed","y","KIL3",-304.0588507,-0.000615464,NA,136.4400963,-440.498947,48.8666666666667,81.6666666666667,16.7,24.7070633333333,1037.19166666667,28.7,NA,NA,NA,NA,NA,NA,NA,NA,NA,NA,NA,NA,NA,NA,NA
"375",2023-07-05,"LB","tundra","disturbed","tundra_disturbed","n","LBS2",-11.38873045,-0.008275256,NA,55.69715866,-67.08588911,44.4333333333333,41.6666666666667,10.7,21.3641033333333,297.641666666667,7.5,NA,NA,NA,NA,NA,NA,NA,NA,NA,NA,NA,NA,NA,NA,NA
"376",2023-07-05,"LB","tundra","disturbed","tundra_disturbed","y","LBS1",-254.1712725,-0.007513071,NA,161.639405,-415.8106775,33.6236863471111,33,12.1,20.73334,318.041666666667,36.4,NA,NA,NA,NA,NA,NA,NA,NA,NA,NA,NA,NA,NA,NA,NA
"377",2023-07-05,"LB","tundra","disturbed","tundra_disturbed","y","LBS4",-144.7750147,-0.00120937,NA,123.0743892,-267.8494039,45.9027265617778,57,18,21.7321533333333,403.525,15.4,NA,NA,NA,NA,NA,NA,NA,NA,NA,NA,NA,NA,NA,NA,NA
"378",2023-07-05,"LB","tundra","undisturbed","tundra_undisturbed","y","LBI4",24.35769356,-0.018973549,NA,61.42492366,-37.0672301,20.0333333333333,51.6666666666667,13,20.2097766666667,228.4,17.1,NA,NA,NA,NA,NA,NA,NA,NA,NA,NA,NA,NA,NA,NA,NA
"379",2023-07-05,"LB","tundra","undisturbed","tundra_undisturbed","y","LBI3",-96.23621162,-0.015391078,NA,73.06496484,-169.3011765,31.5282235804444,55.3333333333333,14.3,19.4977466666667,227.533333333333,37.5,NA,NA,NA,NA,NA,NA,NA,NA,NA,NA,NA,NA,NA,NA,NA
"380",2023-07-05,"LB","tundra","undisturbed","tundra_undisturbed","y","LBI2",86.5934503,-0.03133265,NA,80.87695044,5.71649986,24.1666666666667,46.3333333333333,13.9,19.2718,153.533333333333,13.6,NA,NA,NA,NA,NA,NA,NA,NA,NA,NA,NA,NA,NA,NA,NA
"381",2023-07-05,"LB","tundra","undisturbed","tundra_undisturbed","y","LBI1",9.335383131,-0.013261843,NA,85.41854629,-76.08316316,25.2102176004444,31.6666666666667,13.4,18.9637333333333,167.875,8.6,NA,NA,NA,NA,NA,NA,NA,NA,NA,NA,NA,NA,NA,NA,NA
"382",2023-07-05,"BB","tundra","disturbed","tundra_disturbed","y","BBS4",-106.9468982,-0.006661929,NA,65.35839171,-172.3052899,32.6,62.6666666666667,12.1,19.03476,240.625,30.5,NA,NA,NA,NA,NA,NA,NA,NA,NA,NA,NA,NA,NA,NA,NA
"383",2023-07-05,"BB","tundra","disturbed","tundra_disturbed","n","BBS3",-11.53223701,-0.001742579,NA,22.29740624,-33.82964325,46.4333333333333,53.6666666666667,12.3,18.6877633333333,247.508333333333,0,NA,NA,NA,NA,NA,NA,NA,NA,NA,NA,NA,NA,NA,NA,NA
"384",2023-07-05,"BB","tundra","disturbed","tundra_disturbed","y","BBS2",-116.7510282,-0.003232988,NA,69.37941432,-186.1304425,35.9333333333333,68.6666666666667,15.1,19.2787566666667,283.016666666667,24.8,NA,NA,NA,NA,NA,NA,NA,NA,NA,NA,NA,NA,NA,NA,NA
"385",2023-07-05,"BB","tundra","disturbed","tundra_disturbed","n","BBS1",-12.29403169,-0.002066816,NA,30.95168637,-43.24571806,44.3333333333333,63.6666666666667,14.9,18.8292633333333,224.316666666667,1,NA,NA,NA,NA,NA,NA,NA,NA,NA,NA,NA,NA,NA,NA,NA
"386",2023-07-05,"BB","tundra","undisturbed","tundra_undisturbed","y","BBI1",-27.31515691,-0.060938604,NA,55.29458426,-82.60974117,27.2,68.6666666666667,10.9,20.1638633333333,429.208333333333,5,NA,NA,NA,NA,NA,NA,NA,NA,NA,NA,NA,NA,NA,NA,NA
"387",2023-07-05,"BB","tundra","undisturbed","tundra_undisturbed","y","BBI2",-72.09981434,-0.119302656,NA,67.25063458,-139.3504489,22.1333333333333,53.6666666666667,9.2,21.21542,430.216666666667,8.5,NA,NA,NA,NA,NA,NA,NA,NA,NA,NA,NA,NA,NA,NA,NA
"388",2023-07-05,"BB","tundra","undisturbed","tundra_undisturbed","y","BBI3",-166.925187,-0.041451145,NA,105.8808579,-272.8060449,20.5333333333333,52.6666666666667,12,20.7885433333333,368.1,22.9,NA,NA,NA,NA,NA,NA,NA,NA,NA,NA,NA,NA,NA,NA,NA
"389",2023-07-05,"BB","tundra","undisturbed","tundra_undisturbed","y","BBI4",34.51106441,-0.02394761,NA,49.65183168,-15.14076727,27.2,48.6666666666667,10.4,20.4354966666667,328.65,3.6,NA,NA,NA,NA,NA,NA,NA,NA,NA,NA,NA,NA,NA,NA,NA
"390",2023-07-17,"LB","tundra","undisturbed","tundra_undisturbed","y","LBI2",-44.33288003,-0.030111433,NA,147.0394294,-191.3723094,28.0333333333333,55.3333333333333,14.517,24.36666,851.866666666667,12.9,NA,NA,NA,NA,NA,NA,NA,NA,NA,NA,NA,NA,NA,NA,NA
"391",2023-07-17,"LB","tundra","undisturbed","tundra_undisturbed","y","LBI1",-85.62307858,-0.026158256,NA,162.6675632,-248.2906418,22.1375949337778,49.3333333333333,13.654,25.2466466666667,780.208333333333,12.1,NA,NA,NA,NA,NA,NA,NA,NA,NA,NA,NA,NA,NA,NA,NA
"392",2023-07-17,"LB","tundra","undisturbed","tundra_undisturbed","y","LBI3",-272.9081469,-0.027349362,NA,NA,NA,66.7996281937778,75,NA,25.46947,771.133333333333,30.5,NA,NA,NA,NA,NA,NA,NA,NA,NA,NA,NA,NA,NA,NA,NA
"393",2023-07-17,"LB","tundra","undisturbed","tundra_undisturbed","y","LBI4",0.000930446,-0.025994047,NA,NA,NA,22.1666666666667,73.3333333333333,NA,25.65257,809.541666666667,NA,NA,NA,NA,NA,NA,NA,NA,NA,NA,NA,NA,NA,NA,NA,NA
"394",2023-07-17,"LB","tundra","disturbed","tundra_disturbed","y","LBS4",-215.9958073,-0.003504812,NA,180.3258045,-396.3216118,26.1725768444444,66.6666666666667,NA,25.86651,758.783333333333,24.7,NA,NA,NA,NA,NA,NA,NA,NA,NA,NA,NA,NA,NA,NA,NA
"395",2023-07-17,"LB","tundra","disturbed","tundra_disturbed","n","LBS2",-62.63564483,-0.005580264,NA,110.1776811,-172.8133259,42.5666666666667,46.6666666666667,9.866,29.89893,793.75,32,NA,NA,NA,NA,NA,NA,NA,NA,NA,NA,NA,NA,NA,NA,NA
"396",2023-07-17,"LB","tundra","disturbed","tundra_disturbed","y","LBS1",NA,-0.011431094,NA,NA,NA,38.0204613871111,52,15.473,26.8771466666667,760.458333333333,46.6,NA,NA,NA,NA,NA,NA,NA,NA,NA,NA,NA,NA,NA,NA,NA
"397",2023-07-17,"BB","tundra","disturbed","tundra_disturbed","n","BBS3",-8.032075916,0.000315428,NA,33.88726903,-41.91934495,47.3,71,NA,23.63155,663.033333333333,0.5,NA,NA,NA,NA,NA,NA,NA,NA,NA,NA,NA,NA,NA,NA,NA
"398",2023-07-17,"BB","tundra","disturbed","tundra_disturbed","y","BBS4",127.7113778,-0.004825853,NA,0,127.7113778,34.7333333333333,82.3333333333333,NA,22.4103966666667,661.25,35.7,NA,NA,NA,NA,NA,NA,NA,NA,NA,NA,NA,NA,NA,NA,NA
"399",2023-07-17,"BB","tundra","disturbed","tundra_disturbed","y","BBS2",-214.6374751,-0.005358276,NA,123.4095863,-338.0470614,32.3333333333333,71.3333333333333,17.379,22.5653133333333,570.691666666667,28.1,NA,NA,NA,NA,NA,NA,NA,NA,NA,NA,NA,NA,NA,NA,NA
"400",2023-07-17,"BB","tundra","disturbed","tundra_disturbed","n","BBS1",-17.89314026,-0.000698272,NA,46.03756851,-63.93070877,39.7,75.6666666666667,14.9,23.4087333333333,611.658333333333,2.5,NA,NA,NA,NA,NA,NA,NA,NA,NA,NA,NA,NA,NA,NA,NA
"401",2023-07-17,"BB","tundra","undisturbed","tundra_undisturbed","y","BBI1",6.176263456,-0.058679949,NA,83.68734707,-77.51108361,24.2666666666667,80.6666666666667,NA,25.08981,675.191666666667,7,NA,NA,NA,NA,NA,NA,NA,NA,NA,NA,NA,NA,NA,NA,NA
"402",2023-07-17,"BB","tundra","undisturbed","tundra_undisturbed","y","BBI2",-106.6282016,-0.080814435,NA,142.4589464,-249.087148,17.5,88.3333333333333,16.713,25.8293666666667,566.9,8.6,NA,NA,NA,NA,NA,NA,NA,NA,NA,NA,NA,NA,NA,NA,NA
"403",2023-07-17,"BB","tundra","undisturbed","tundra_undisturbed","y","BBI3",-166.9794071,-0.042964796,NA,102.9660314,-269.9454385,19.4666666666667,71.6666666666667,NA,27.01662,601.891666666667,NA,NA,NA,NA,NA,NA,NA,NA,NA,NA,NA,NA,NA,NA,NA,NA
"404",2023-07-17,"BB","tundra","undisturbed","tundra_undisturbed","y","BBI4",NA,-0.085994125,NA,NA,NA,21.9333333333333,70.3333333333333,11.819,26.35102,540.466666666667,3.8,NA,NA,NA,NA,NA,NA,NA,NA,NA,NA,NA,NA,NA,NA,NA
"405",2023-07-19,"KI","tundra","undisturbed","tundra_undisturbed","y","KII1",-49.54856437,-0.018262196,NA,96.53794268,-146.0865071,40.4224610137778,NA,8.779,16.8113887043189,267.628571428571,5.6,NA,NA,NA,NA,NA,NA,NA,NA,NA,NA,NA,NA,NA,NA,NA
"406",2023-07-19,"KI","tundra","undisturbed","tundra_undisturbed","y","KII2",-94.8523279,-0.02125136,NA,128.7778676,-223.6301955,34.4,NA,NA,17.3413887043189,268.010631229236,22.5,NA,NA,NA,NA,NA,NA,NA,NA,NA,NA,NA,NA,NA,NA,NA
"407",2023-07-19,"KI","tundra","undisturbed","tundra_undisturbed","y","KII3",-71.01148073,-0.053058944,NA,57.14628835,-128.1577691,36.6333333333333,NA,8.481,16.6030564784053,266.175083056478,16.1,NA,NA,NA,NA,NA,NA,NA,NA,NA,NA,NA,NA,NA,NA,NA
"408",2023-07-19,"KI","tundra","undisturbed","tundra_undisturbed","y","KII4",-104.8219888,-0.011965078,NA,67.52508075,-172.3470696,45.7875137617778,NA,NA,16.8173355481727,282.944186046512,18.5,NA,NA,NA,NA,NA,NA,NA,NA,NA,NA,NA,NA,NA,NA,NA
"409",2023-07-19,"KI","tundra","disturbed","tundra_disturbed","n","KIU4",NA,-0.006106655,NA,NA,NA,48.3,NA,NA,17.5885264900662,271.572516556291,2.9,NA,NA,NA,NA,NA,NA,NA,NA,NA,NA,NA,NA,NA,NA,NA
"410",2023-07-19,"KI","tundra","disturbed","tundra_disturbed","y","KIU3",-66.99743057,-0.117059347,NA,171.4854217,-238.4828523,39.327131456,NA,NA,18.05066,291.616666666667,44.8,NA,NA,NA,NA,NA,NA,NA,NA,NA,NA,NA,NA,NA,NA,NA
"411",2023-07-19,"KI","tundra","disturbed","tundra_disturbed","y","KIU2",-205.5964863,-0.042414567,NA,148.8839853,-354.4804716,23.7131547804444,NA,NA,17.4320397350993,273.368874172185,35.6,NA,NA,NA,NA,NA,NA,NA,NA,NA,NA,NA,NA,NA,NA,NA
"412",2023-07-19,"KI","tundra","disturbed","tundra_disturbed","n","KIU1",-73.95789135,-0.001029273,NA,73.96686448,-147.9247558,48.9333333333333,NA,NA,18.0863145695364,313.459933774834,5,NA,NA,NA,NA,NA,NA,NA,NA,NA,NA,NA,NA,NA,NA,NA
"413",2023-07-19,"KI","tundra","disturbed","tundra_disturbed","y","KIL1",-19.66793614,0.002384725,NA,89.13563235,-108.8035685,47.4333333333333,NA,NA,18.9541833333333,299.625,11.1,NA,NA,NA,NA,NA,NA,NA,NA,NA,NA,NA,NA,NA,NA,NA
"414",2023-07-19,"KI","tundra","disturbed","tundra_disturbed","y","KIL2",-52.35837095,-0.000930106,NA,116.8058254,-169.1641964,48.5666666666667,NA,13.75,19.485707641196,323.317940199336,9.3,NA,NA,NA,NA,NA,NA,NA,NA,NA,NA,NA,NA,NA,NA,NA
"415",2023-07-19,"KI","tundra","disturbed","tundra_disturbed","y","KIL3",NA,-0.002243511,NA,177.7622269,NA,46.3,NA,NA,19.6121727574751,362.927574750831,24.8,NA,NA,NA,NA,NA,NA,NA,NA,NA,NA,NA,NA,NA,NA,NA
"416",2023-07-19,"KI","tundra","disturbed","tundra_disturbed","y","KIL4",-151.1616622,-0.004355968,NA,111.1991116,-262.3607738,43.4333333333333,NA,14.23,19.718853820598,287.520598006644,38.7,NA,NA,NA,NA,NA,NA,NA,NA,NA,NA,NA,NA,NA,NA,NA
"417",2023-07-28,"LB","tundra","undisturbed","tundra_undisturbed","y","LBI1",NA,-0.012966511,NA,96.57944708,NA,7.64956848044444,53.3333333333333,12.3,26.0507847682119,907.988079470199,12.4,NA,NA,NA,NA,NA,NA,NA,NA,NA,NA,NA,NA,NA,NA,NA
"418",2023-07-28,"LB","tundra","undisturbed","tundra_undisturbed","y","LBI2",20.98646925,-0.050218901,NA,161.1076031,-140.1211339,NA,70.3333333333333,20.7,26.0075662251656,1051.18344370861,16.6,NA,NA,NA,NA,NA,NA,NA,NA,NA,NA,NA,NA,NA,NA,NA
"419",2023-07-28,"LB","tundra","undisturbed","tundra_undisturbed","y","LBI3",-197.0913431,-0.029521312,NA,NA,NA,20.5113885937778,67.3333333333333,20.1,26.2845282392027,1019.65514950166,37.3,NA,NA,NA,NA,NA,NA,NA,NA,NA,NA,NA,NA,NA,NA,NA
"420",2023-07-28,"LB","tundra","undisturbed","tundra_undisturbed","y","LBI4",13.53097671,-0.033755679,NA,116.7536163,-103.2226396,17.4666666666667,69.6666666666667,11.8,25.0258139534884,900.610299003322,16.9,NA,NA,NA,NA,NA,NA,NA,NA,NA,NA,NA,NA,NA,NA,NA
"421",2023-07-28,"LB","tundra","disturbed","tundra_disturbed","y","LBS4",-128.2001369,-0.000542247,NA,146.3921862,-274.5923231,33.159664576,74.6666666666667,20.3,26.8468966666667,1098.5,23.5,NA,NA,NA,NA,NA,NA,NA,NA,NA,NA,NA,NA,NA,NA,NA
"422",2023-07-28,"LB","tundra","disturbed","tundra_disturbed","n","LBS2",1.523109761,-0.012247306,NA,86.1442378,-84.62112804,44.1,55.6666666666667,15,24.3706146179402,826.349501661129,7.7,NA,NA,NA,NA,NA,NA,NA,NA,NA,NA,NA,NA,NA,NA,NA
"423",2023-07-28,"LB","tundra","disturbed","tundra_disturbed","y","LBS1",NA,-0.012675623,NA,155.3233717,NA,14.5768622204444,73.3333333333333,22.3,25.0838571428571,871.474086378737,NA,NA,NA,NA,NA,NA,NA,NA,NA,NA,NA,NA,NA,NA,NA,NA
"424",2022-06-25,"BB","tundra","disturbed","tundra_disturbed","n","BBS1",NA,0.000401153,NA,29.81521066,NA,45.7333333333333,37.3333333333333,NA,15.5895766666667,870.375,0.1,NA,NA,NA,NA,NA,NA,NA,NA,NA,NA,NA,NA,NA,NA,NA
"425",2022-06-25,"BB","tundra","disturbed","tundra_disturbed","n","BBS3",NA,0.001380106,NA,15.9546862,NA,48.3666666666667,30.6666666666667,NA,15.6781395348837,815.668438538206,0,NA,NA,NA,NA,NA,NA,NA,NA,NA,NA,NA,NA,NA,NA,NA
"426",2022-07-24,"BB","tundra","disturbed","tundra_disturbed","n","BBS3",NA,NA,NA,3.995705059,NA,44.1,NA,NA,15.7777814569536,787.847350993377,NA,NA,NA,NA,NA,NA,NA,NA,NA,NA,NA,NA,NA,NA,NA,NA
"427",2022-08-26,"KI","tundra","disturbed","tundra_disturbed","y","KIL3",NA,-0.002595044,NA,61.92378901,NA,51.5666666666667,NA,NA,22.4498504983389,228.508970099668,1,NA,NA,NA,NA,NA,NA,NA,NA,NA,NA,NA,NA,NA,NA,NA
"428",2022-08-26,"KI","tundra","disturbed","tundra_disturbed","y","KIU3",NA,-0.013560807,NA,134.8844903,NA,65.3998773444445,NA,NA,22.9500333333333,541.066666666667,25.8,NA,NA,NA,NA,NA,NA,NA,NA,NA,NA,NA,NA,NA,NA,NA
"429",2023-07-01,"KI","tundra","disturbed","tundra_disturbed","y","KIL4",NA,0.000700656,NA,109.1055377,NA,44.3666666666667,75.3333333333333,NA,24.2237781456954,924.155298013245,44,NA,NA,NA,NA,NA,NA,NA,NA,NA,NA,NA,NA,NA,NA,NA
"430",2023-07-29,"BB","tundra","disturbed","tundra_disturbed","n","BBS1",NA,NA,-0.015546141,NA,NA,NA,NA,NA,NA,NA,6.5,NA,NA,NA,NA,NA,NA,NA,NA,NA,NA,NA,NA,NA,NA,NA
"431",2023-07-29,"BB","tundra","disturbed","tundra_disturbed","y","BBS2",NA,NA,-0.021196022,NA,NA,NA,NA,NA,NA,NA,27.4,NA,NA,NA,NA,NA,NA,NA,NA,NA,NA,NA,NA,NA,NA,NA
"432",2023-07-29,"BB","tundra","disturbed","tundra_disturbed","n","BBS3",NA,NA,-0.019879631,NA,NA,NA,NA,NA,NA,NA,1.8,NA,NA,NA,NA,NA,NA,NA,NA,NA,NA,NA,NA,NA,NA,NA
"433",2023-07-29,"BB","tundra","disturbed","tundra_disturbed","y","BBS4",NA,NA,-0.022651146,NA,NA,NA,NA,NA,NA,NA,37.2,NA,NA,NA,NA,NA,NA,NA,NA,NA,NA,NA,NA,NA,NA,NA
"434",2023-07-29,"BB","tundra","undisturbed","tundra_undisturbed","y","BBI1",NA,NA,-0.034794136,NA,NA,NA,NA,NA,NA,NA,6.7,NA,NA,NA,NA,NA,NA,NA,NA,NA,NA,NA,NA,NA,NA,NA
"435",2023-07-29,"BB","tundra","undisturbed","tundra_undisturbed","y","BBI2",NA,NA,-0.007922248,NA,NA,NA,NA,NA,NA,NA,9.1,NA,NA,NA,NA,NA,NA,NA,NA,NA,NA,NA,NA,NA,NA,NA
"436",2023-07-29,"BB","tundra","undisturbed","tundra_undisturbed","y","BBI3",NA,NA,-0.011499675,NA,NA,NA,NA,NA,NA,NA,NA,NA,NA,NA,NA,NA,NA,NA,NA,NA,NA,NA,NA,NA,NA,NA
"437",2023-07-29,"BB","tundra","undisturbed","tundra_undisturbed","y","BBI4",NA,NA,-0.0319644,NA,NA,NA,NA,NA,NA,NA,4.1,NA,NA,NA,NA,NA,NA,NA,NA,NA,NA,NA,NA,NA,NA,NA
"438",2023-07-28,"LB","tundra","disturbed","tundra_disturbed","y","LBS1",NA,NA,0.002378255,NA,NA,14.5768622204444,73.3333333333333,22.3,25.0838571428571,871.474086378737,NA,NA,NA,NA,NA,NA,NA,NA,NA,NA,NA,NA,NA,NA,NA,NA
"439",2023-07-28,"LB","tundra","disturbed","tundra_disturbed","n","LBS2",NA,NA,0.048916241,NA,NA,44.1,55.6666666666667,15,24.3706146179402,826.349501661129,7.7,NA,NA,NA,NA,NA,NA,NA,NA,NA,NA,NA,NA,NA,NA,NA
"440",2023-07-28,"LB","tundra","disturbed","tundra_disturbed","y","LBS3",NA,NA,0.024678947,NA,NA,NA,NA,NA,NA,NA,NA,NA,NA,NA,NA,NA,NA,NA,NA,NA,NA,NA,NA,NA,NA,NA
"441",2023-07-28,"LB","tundra","disturbed","tundra_disturbed","y","LBS4",NA,NA,-0.001182922,NA,NA,33.159664576,74.6666666666667,20.3,26.8468966666667,1098.5,23.5,NA,NA,NA,NA,NA,NA,NA,NA,NA,NA,NA,NA,NA,NA,NA
"442",2023-07-28,"LB","tundra","undisturbed","tundra_undisturbed","y","LBI1",NA,NA,0.037908705,NA,NA,7.64956848044444,53.3333333333333,12.3,26.0507847682119,907.988079470199,12.4,NA,NA,NA,NA,NA,NA,NA,NA,NA,NA,NA,NA,NA,NA,NA
"443",2023-07-28,"LB","tundra","undisturbed","tundra_undisturbed","y","LBI2",NA,NA,-0.006663961,NA,NA,NA,70.3333333333333,20.7,26.0075662251656,1051.18344370861,16.6,NA,NA,NA,NA,NA,NA,NA,NA,NA,NA,NA,NA,NA,NA,NA
"444",2023-07-28,"LB","tundra","undisturbed","tundra_undisturbed","y","LBI3",NA,NA,-0.000275481,NA,NA,20.5113885937778,67.3333333333333,20.1,26.2845282392027,1019.65514950166,37.3,NA,NA,NA,NA,NA,NA,NA,NA,NA,NA,NA,NA,NA,NA,NA
"445",2023-07-28,"LB","tundra","undisturbed","tundra_undisturbed","y","LBI4",NA,NA,0.003591897,NA,NA,17.4666666666667,69.6666666666667,11.8,25.0258139534884,900.610299003322,16.9,NA,NA,NA,NA,NA,NA,NA,NA,NA,NA,NA,NA,NA,NA,NA
