sampling_date,site,flux_type,sampling_zone,type_zone,vegetated,microsite,co2_mg_c_m2_h,ch4_mg_c_m2_h,n2o_mg_m2_h,er_mg_c_m2_h,gpp_mg_c_m2_h
6/9/2022,BBL,lake,disturbed,lake_disturbed,NA,1,12.67066856,0.920887196,0.002963797,NA,NA
6/9/2022,BBL,lake,undisturbed,lake_undisturbed,NA,4,6.23181228,0.167416258,-3.15E-05,NA,NA
6/9/2022,BBL,lake,undisturbed,lake_undisturbed,NA,3,5.124806521,0.215469484,-0.003311857,NA,NA
6/9/2022,BBL,lake,disturbed,lake_disturbed,NA,4,13.2811365,0.206086778,-0.000719656,NA,NA
6/9/2022,BBL,lake,disturbed,lake_disturbed,NA,2,5.927123952,0.262630861,0.007311427,NA,NA
6/9/2022,BBL,lake,disturbed,lake_disturbed,NA,3,13.91711243,0.225232552,0.224177193,NA,NA
6/9/2022,BBL,lake,undisturbed,lake_undisturbed,NA,2,4.4392113,0.184155271,-0.003328227,NA,NA
6/9/2022,BBL,lake,undisturbed,lake_undisturbed,NA,1,2.451765702,0.097184977,-0.015669967,NA,NA
6/12/2022,LBL,lake,disturbed,lake_disturbed,NA,4,17.90016412,0.081414568,0.01442853,NA,NA
6/12/2022,LBL,lake,disturbed,lake_disturbed,NA,3,19.10304399,0.24159342,0.006163492,NA,NA
6/12/2022,LBL,lake,undisturbed,lake_undisturbed,NA,2,21.35729523,0.064675597,0.006357802,NA,NA
6/12/2022,LBL,lake,undisturbed,lake_undisturbed,NA,3,23.56089949,0.079828283,0.003593146,NA,NA
6/12/2022,LBL,lake,disturbed,lake_disturbed,NA,2,19.70129148,0.108312323,-0.005021477,NA,NA
6/12/2022,LBL,lake,undisturbed,lake_undisturbed,NA,1,17.29951753,0.037247686,-0.031923309,NA,NA
6/12/2022,LBL,lake,undisturbed,lake_undisturbed,NA,4,22.0503884,0.052785021,0.003971849,NA,NA
6/12/2022,LBL,lake,disturbed,lake_disturbed,NA,1,28.13902743,0.083404182,0.00120485,NA,NA
6/16/2022,BBL,lake,disturbed,lake_disturbed,NA,4,-3.989608627,0.181693387,0.014594353,NA,NA
6/16/2022,BBL,lake,undisturbed,lake_undisturbed,NA,2,9.42555569,0.400174443,-0.009514734,NA,NA
6/16/2022,BBL,lake,undisturbed,lake_undisturbed,NA,3,11.24675516,0.806044724,-0.002732635,NA,NA
6/16/2022,BBL,lake,disturbed,lake_disturbed,NA,3,-2.462309482,0.405496487,-4.43E-05,NA,NA
6/16/2022,BBL,lake,undisturbed,lake_undisturbed,NA,1,10.42616472,0.388922355,0.010683182,NA,NA
6/16/2022,LBL,lake,disturbed,lake_disturbed,NA,3,-4.166830905,0.39042296,-0.117048366,NA,NA
6/16/2022,BBL,lake,undisturbed,lake_undisturbed,NA,4,6.198812135,0.223456718,0.000951834,NA,NA
6/16/2022,BBL,lake,disturbed,lake_disturbed,NA,2,-6.071092442,0.199654548,0.002612562,NA,NA
6/16/2022,BBL,lake,disturbed,lake_disturbed,NA,1,-4.948402139,6.024573012,0.00574986,NA,NA
6/16/2022,LBL,lake,disturbed,lake_disturbed,NA,2,11.82325292,0.753678367,-0.006139238,NA,NA
6/16/2022,LBL,lake,disturbed,lake_disturbed,NA,4,-0.978532494,0.299899577,0.000724804,NA,NA
6/16/2022,LBL,lake,undisturbed,lake_undisturbed,NA,4,14.18850663,0.599305391,-0.005411257,NA,NA
6/16/2022,LBL,lake,disturbed,lake_disturbed,NA,1,0.836840766,0.629852134,-0.000530964,NA,NA
6/16/2022,LBL,lake,undisturbed,lake_undisturbed,NA,2,18.72729363,1.007099493,0.004710426,NA,NA
6/16/2022,LBL,lake,undisturbed,lake_undisturbed,NA,3,19.70906207,0.98311168,0.003735624,NA,NA
6/16/2022,LBL,lake,undisturbed,lake_undisturbed,NA,1,18.36572997,1.010503689,0.000675235,NA,NA
6/23/2022,LBL,lake,disturbed,lake_disturbed,NA,3,7.55821995,0.25886532,0.00283792,NA,NA
6/23/2022,LBL,lake,disturbed,lake_disturbed,NA,2,14.205277,0.248145987,-0.002845657,NA,NA
6/23/2022,LBL,lake,undisturbed,lake_undisturbed,NA,1,14.17540616,0.109014949,0.002042104,NA,NA
6/23/2022,LBL,lake,disturbed,lake_disturbed,NA,4,11.3592898,0.278426136,-0.014197179,NA,NA
6/23/2022,LBL,lake,undisturbed,lake_undisturbed,NA,4,10.32187251,0.054546765,NA,NA,NA
6/23/2022,LBL,lake,disturbed,lake_disturbed,NA,1,9.857723279,0.188596629,0.00156539,NA,NA
6/23/2022,LBL,lake,undisturbed,lake_undisturbed,NA,2,13.76832416,0.144810823,0.002810917,NA,NA
6/23/2022,LBL,lake,undisturbed,lake_undisturbed,NA,3,9.213180196,0.061468379,-0.051553849,NA,NA
6/24/2022,BBL,lake,disturbed,lake_disturbed,NA,2,11.29100694,0.209517955,0.001760274,NA,NA
6/24/2022,BBL,lake,disturbed,lake_disturbed,NA,1,9.192224987,0.996501225,0.00104406,NA,NA
6/24/2022,BBL,lake,undisturbed,lake_undisturbed,NA,1,26.7677513,0.271418548,0.000367967,NA,NA
6/24/2022,BBL,lake,disturbed,lake_disturbed,NA,4,21.63842478,0.222071274,0.002295413,NA,NA
6/24/2022,BBL,lake,undisturbed,lake_undisturbed,NA,4,8.798512928,-0.526683234,0.00026672,NA,NA
6/24/2022,BBL,lake,disturbed,lake_disturbed,NA,3,37.06552186,0.392592327,-0.000591731,NA,NA
6/24/2022,BBL,lake,undisturbed,lake_undisturbed,NA,2,26.52147041,-0.616146815,0.014263098,NA,NA
6/24/2022,BBL,lake,undisturbed,lake_undisturbed,NA,3,34.57511949,NA,-0.135130281,NA,NA
7/1/2022,LBL,lake,disturbed,lake_disturbed,NA,4,13.43300311,0.179478905,-0.000862757,NA,NA
7/1/2022,LBL,lake,disturbed,lake_disturbed,NA,2,17.29374843,11.82551877,-0.003276961,NA,NA
7/1/2022,LBL,lake,disturbed,lake_disturbed,NA,3,16.99887188,0.695532501,0.000565684,NA,NA
7/1/2022,LBL,lake,undisturbed,lake_undisturbed,NA,4,3.933895293,0.067980269,0.003402425,NA,NA
7/1/2022,LBL,lake,disturbed,lake_disturbed,NA,1,7.8110195,0.068179904,-0.00430254,NA,NA
7/1/2022,LBL,lake,undisturbed,lake_undisturbed,NA,1,4.823836203,0.064659974,-0.058747791,NA,NA
7/1/2022,LBL,lake,undisturbed,lake_undisturbed,NA,3,4.644569406,0.017334667,-0.000374904,NA,NA
7/1/2022,LBL,lake,undisturbed,lake_undisturbed,NA,2,5.08190328,0.068743556,-0.001806267,NA,NA
7/2/2022,BBL,lake,disturbed,lake_disturbed,NA,2,5.759127591,0.114552308,-0.002628724,NA,NA
7/2/2022,BBL,lake,disturbed,lake_disturbed,NA,3,3.403899796,0.048168948,-0.006060068,NA,NA
7/2/2022,BBL,lake,undisturbed,lake_undisturbed,NA,4,-5.207841427,0.132270186,-0.116535925,NA,NA
7/2/2022,BBL,lake,disturbed,lake_disturbed,NA,1,0.063086682,0.077797156,-0.005459516,NA,NA
7/2/2022,BBL,lake,undisturbed,lake_undisturbed,NA,1,-0.396312644,0.011714787,-0.009159859,NA,NA
7/2/2022,BBL,lake,disturbed,lake_disturbed,NA,4,1.857300454,0.071550372,0.000727878,NA,NA
7/2/2022,BBL,lake,undisturbed,lake_undisturbed,NA,3,0.894360213,0.045200578,-0.013112086,NA,NA
7/2/2022,BBL,lake,undisturbed,lake_undisturbed,NA,2,0.602707484,0.052907506,0.000306104,NA,NA
7/24/2022,BBL,lake,undisturbed,lake_undisturbed,NA,3,-0.653839183,0.092959375,0.007891725,NA,NA
7/24/2022,BBL,lake,disturbed,lake_disturbed,NA,3,14.61635269,0.175271429,0.008518181,NA,NA
7/24/2022,BBL,lake,undisturbed,lake_undisturbed,NA,1,2.584714458,0.046028125,0.005155561,NA,NA
7/24/2022,BBL,lake,undisturbed,lake_undisturbed,NA,2,3.691206225,0.076324763,0.005196607,NA,NA
7/24/2022,BBL,lake,undisturbed,lake_undisturbed,NA,4,7.399540201,0.034491883,0.007794543,NA,NA
7/24/2022,BBL,lake,disturbed,lake_disturbed,NA,1,9.430478927,11.06289145,0.011146246,NA,NA
7/24/2022,BBL,lake,disturbed,lake_disturbed,NA,4,10.70524751,0.124789231,0.009157614,NA,NA
7/24/2022,BBL,lake,disturbed,lake_disturbed,NA,2,7.161099272,0.164250748,-0.063758499,NA,NA
7/25/2022,LBL,lake,disturbed,lake_disturbed,NA,2,19.5171624,0.331249065,-0.002724799,NA,NA
7/25/2022,LBL,lake,disturbed,lake_disturbed,NA,1,22.72708827,0.560944805,-0.006317116,NA,NA
7/25/2022,LBL,lake,disturbed,lake_disturbed,NA,3,19.27396366,24.77884573,0.012471832,NA,NA
7/25/2022,LBL,lake,disturbed,lake_disturbed,NA,4,5.4066894,0.655360402,-0.106500705,NA,NA
7/25/2022,LBL,lake,undisturbed,lake_undisturbed,NA,4,2.992310722,0.042575982,-0.002034845,NA,NA
7/25/2022,LBL,lake,undisturbed,lake_undisturbed,NA,1,3.140244782,0.004260794,-0.000181863,NA,NA
7/25/2022,LBL,lake,undisturbed,lake_undisturbed,NA,2,4.311158939,0.080709787,-0.008520839,NA,NA
7/25/2022,LBL,lake,undisturbed,lake_undisturbed,NA,3,1.952276588,0.062505342,-0.009389056,NA,NA
8/24/2022,BBL,lake,disturbed,lake_disturbed,NA,4,12.39118997,NA,NA,NA,NA
8/24/2022,LBL,lake,disturbed,lake_disturbed,NA,4,4.568182897,-0.024464685,0.00688813,NA,NA
8/24/2022,LBL,lake,disturbed,lake_disturbed,NA,3,6.924163797,0.652042848,0.014295519,NA,NA
8/24/2022,BBL,lake,undisturbed,lake_undisturbed,NA,3,2.19876571,0.008985556,-0.009202519,NA,NA
8/24/2022,BBL,lake,undisturbed,lake_undisturbed,NA,4,4.706387924,-0.018624993,0.008968156,NA,NA
8/24/2022,BBL,lake,disturbed,lake_disturbed,NA,3,15.16206234,-0.028634248,0.005572356,NA,NA
8/24/2022,LBL,lake,undisturbed,lake_undisturbed,NA,2,4.667449155,-0.037531447,0.00575272,NA,NA
8/24/2022,LBL,lake,undisturbed,lake_undisturbed,NA,3,3.395290767,-0.047193328,0.004816931,NA,NA
8/24/2022,LBL,lake,undisturbed,lake_undisturbed,NA,4,4.180318287,-1.742762355,0.009699092,NA,NA
8/24/2022,LBL,lake,disturbed,lake_disturbed,NA,2,7.605431157,-0.126455491,0.009345411,NA,NA
8/24/2022,BBL,lake,undisturbed,lake_undisturbed,NA,2,3.315493205,0.084800032,-0.004884054,NA,NA
8/24/2022,BBL,lake,disturbed,lake_disturbed,NA,2,15.4044364,NA,NA,NA,NA
8/24/2022,LBL,lake,undisturbed,lake_undisturbed,NA,1,3.983172742,-0.019627202,0.001440203,NA,NA
8/24/2022,BBL,lake,disturbed,lake_disturbed,NA,1,11.9435897,4.688018815,NA,NA,NA
8/24/2022,BBL,lake,undisturbed,lake_undisturbed,NA,1,2.386979807,0.078828308,-0.006372318,NA,NA
8/24/2022,LBL,lake,disturbed,lake_disturbed,NA,1,9.222866231,0.010215807,0.022120722,NA,NA
8/26/2022,EL,lake,undisturbed,lake_undisturbed,NA,3,3.505182246,0.03842665,-0.002269725,NA,NA
8/26/2022,EL,lake,undisturbed,lake_undisturbed,NA,2,3.121329952,0.196198121,0.000379023,NA,NA
8/26/2022,EL,lake,undisturbed,lake_undisturbed,NA,4,2.964631292,1.743401578,-0.00171157,NA,NA
8/26/2022,EL,lake,undisturbed,lake_undisturbed,NA,1,3.6415985,0.068880087,0.003309962,NA,NA
8/26/2022,EL,lake,disturbed,lake_disturbed,NA,2,6.342940616,0.050057406,-0.008620693,NA,NA
8/26/2022,EL,lake,disturbed,lake_disturbed,NA,1,3.58230834,-0.006952555,0.047932397,NA,NA
8/26/2022,EL,lake,disturbed,lake_disturbed,NA,4,-1.686244033,7.609113388,-0.026895055,NA,NA
8/26/2022,EL,lake,disturbed,lake_disturbed,NA,3,7.006778619,0.033662182,0.0028372,NA,NA
6/29/2023,BBL,lake,disturbed,lake_disturbed,NA,3,61.59573206,0.755559489,0.012443626,NA,NA
6/29/2023,BBL,lake,disturbed,lake_disturbed,NA,4,23.21267541,0.511856388,0.014420469,NA,NA
6/29/2023,BBL,lake,disturbed,lake_disturbed,NA,2,9.641340065,1.821004223,6.51E-05,NA,NA
6/29/2023,BBL,lake,undisturbed,lake_undisturbed,NA,2,3.457549063,0.050821553,-0.001205245,NA,NA
6/29/2023,BBL,lake,disturbed,lake_disturbed,NA,1,8.207133798,0.228525492,-0.002034206,NA,NA
6/29/2023,BBL,lake,undisturbed,lake_undisturbed,NA,1,5.976603598,0.094126603,0.002128286,NA,NA
6/29/2023,BBL,lake,undisturbed,lake_undisturbed,NA,4,7.67472401,0.084153302,0.002852614,NA,NA
6/29/2023,LBL,lake,disturbed,lake_disturbed,NA,2,4.227337319,0.955249726,0.005217918,NA,NA
6/29/2023,BBL,lake,undisturbed,lake_undisturbed,NA,3,7.523466324,0.114792275,-0.001734275,NA,NA
6/29/2023,LBL,lake,disturbed,lake_disturbed,NA,1,15.02320909,0.054455495,0.001823273,NA,NA
6/29/2023,LBL,lake,disturbed,lake_disturbed,NA,4,3.680595613,3.500186215,0.004619327,NA,NA
6/29/2023,LBL,lake,undisturbed,lake_undisturbed,NA,4,2.472637876,0.08996319,0.011843035,NA,NA
6/29/2023,LBL,lake,disturbed,lake_disturbed,NA,3,2.004375015,0.048389618,0.016964149,NA,NA
6/29/2023,LBL,lake,undisturbed,lake_undisturbed,NA,3,2.879296584,0.078227684,0.013777204,NA,NA
6/29/2023,LBL,lake,undisturbed,lake_undisturbed,NA,1,6.953962963,0.04294282,0.00155925,NA,NA
6/29/2023,LBL,lake,undisturbed,lake_undisturbed,NA,2,4.978355082,0.110456417,6.03E-05,NA,NA
7/4/2023,BBL,lake,center,lake_center,NA,1,12.28840676,0.235929611,-0.007956697,NA,NA
7/4/2023,BBL,lake,center,lake_center,NA,2,-10.93795456,0.532263291,-0.005392902,NA,NA
7/4/2023,BBL,lake,center,lake_center,NA,3,-4.822942547,0.137291076,-0.007048368,NA,NA
7/4/2023,BBL,lake,center,lake_center,NA,4,10.88547082,0.445561912,-0.008889523,NA,NA
7/4/2023,BBL,lake,disturbed,lake_disturbed,NA,4,6.601821944,0.230136716,-0.003757655,NA,NA
7/4/2023,BBL,lake,undisturbed,lake_undisturbed,NA,4,0.169456571,0.098547898,-0.00662017,NA,NA
7/4/2023,LBL,lake,center,lake_center,NA,4,NA,0.196259066,-0.006266842,NA,NA
7/4/2023,LBL,lake,center,lake_center,NA,1,4.484583136,0.254964726,-0.008359048,NA,NA
7/4/2023,LBL,lake,center,lake_center,NA,2,-19.52339117,0.14321827,-0.003404406,NA,NA
7/4/2023,LBL,lake,center,lake_center,NA,3,6.212905673,0.283151681,-0.003239808,NA,NA
7/4/2023,LBL,lake,disturbed,lake_disturbed,NA,2,5.518814483,2.215966727,-0.00260527,NA,NA
7/4/2023,BBL,lake,disturbed,lake_disturbed,NA,2,23.26689843,1.02164135,-0.004780193,NA,NA
7/4/2023,BBL,lake,disturbed,lake_disturbed,NA,3,12.85376997,0.373423419,-0.004789363,NA,NA
7/4/2023,BBL,lake,undisturbed,lake_undisturbed,NA,3,1.514310505,-0.581572564,-0.005807396,NA,NA
7/4/2023,LBL,lake,undisturbed,lake_undisturbed,NA,4,-37.84386229,0.081833405,-0.006592327,NA,NA
7/4/2023,BBL,lake,disturbed,lake_disturbed,NA,1,20.62944253,1.156580243,-0.003730145,NA,NA
7/4/2023,LBL,lake,disturbed,lake_disturbed,NA,4,6.108746528,2.944525159,-0.002646539,NA,NA
7/4/2023,LBL,lake,disturbed,lake_disturbed,NA,1,-4.013421852,0.102612198,0.000243503,NA,NA
7/4/2023,LBL,lake,undisturbed,lake_undisturbed,NA,3,12.86069565,0.434026376,0.002039514,NA,NA
7/4/2023,LBL,lake,undisturbed,lake_undisturbed,NA,1,0.84677012,0.064881988,-0.000288509,NA,NA
7/4/2023,LBL,lake,disturbed,lake_disturbed,NA,3,0.734817616,28.1304674,-0.003283925,NA,NA
7/4/2023,BBL,lake,undisturbed,lake_undisturbed,NA,2,6.449250741,0.523396613,-0.003006491,NA,NA
7/4/2023,BBL,lake,undisturbed,lake_undisturbed,NA,1,6.404637546,0.349761537,0.000906179,NA,NA
7/4/2023,LBL,lake,undisturbed,lake_undisturbed,NA,2,1.017761082,-0.0619242,-0.001217991,NA,NA
7/6/2023,EL,lake,center,lake_center,NA,2,0.834819423,0.071430881,-0.000917693,NA,NA
7/6/2023,EL,lake,disturbed,lake_disturbed,NA,4,4.138378678,0.726476435,0.009472286,NA,NA
7/6/2023,EL,lake,center,lake_center,NA,1,-0.175745985,0.097423939,-0.001113652,NA,NA
7/6/2023,EL,lake,undisturbed,lake_undisturbed,NA,1,5.911534526,0.459008969,-0.000934893,NA,NA
7/6/2023,EL,lake,undisturbed,lake_undisturbed,NA,2,8.698768084,11.48781502,0.001010256,NA,NA
7/6/2023,EL,lake,center,lake_center,NA,3,1.498685624,0.06792541,-0.000439541,NA,NA
7/6/2023,EL,lake,center,lake_center,NA,4,-4.597923512,0.108302635,0.001805072,NA,NA
7/6/2023,EL,lake,undisturbed,lake_undisturbed,NA,4,2.858178184,2.752271029,-0.002014981,NA,NA
7/6/2023,EL,lake,disturbed,lake_disturbed,NA,3,1.811452601,0.038933782,0.003608407,NA,NA
7/6/2023,EL,lake,undisturbed,lake_undisturbed,NA,3,6.65094989,8.137014502,-0.000173722,NA,NA
7/6/2023,EL,lake,disturbed,lake_disturbed,NA,2,1.013630806,0.360837834,0.00333782,NA,NA
7/6/2023,EL,lake,disturbed,lake_disturbed,NA,1,2.451943356,3.394445944,0.00109755,NA,NA
7/13/2023,BBL,lake,disturbed,lake_disturbed,NA,3,8.018808132,-0.414259733,0.002579506,NA,NA
7/13/2023,BBL,lake,disturbed,lake_disturbed,NA,2,29.39304658,NA,0.005293546,NA,NA
7/13/2023,BBL,lake,disturbed,lake_disturbed,NA,4,8.377793021,-0.138421557,0.010316457,NA,NA
7/13/2023,BBL,lake,disturbed,lake_disturbed,NA,1,29.26326502,2.689359133,-0.012352054,NA,NA
7/13/2023,BBL,lake,undisturbed,lake_undisturbed,NA,2,33.99056,0.661025935,0.000240076,NA,NA
7/13/2023,BBL,lake,undisturbed,lake_undisturbed,NA,4,16.51874809,0.147870537,-0.001535491,NA,NA
7/13/2023,BBL,lake,undisturbed,lake_undisturbed,NA,1,49.66990001,0.793765248,-0.008604052,NA,NA
7/13/2023,LBL,lake,center,lake_center,NA,1,16.27311365,0.290706912,-0.006663248,NA,NA
7/13/2023,LBL,lake,center,lake_center,NA,2,60.38105176,1.27497388,0.003621893,NA,NA
7/13/2023,BBL,lake,undisturbed,lake_undisturbed,NA,3,24.49402111,0.3817512,0.008956945,NA,NA
7/13/2023,LBL,lake,disturbed,lake_disturbed,NA,4,10.32199706,0.265441255,-0.000520427,NA,NA
7/13/2023,LBL,lake,undisturbed,lake_undisturbed,NA,3,10.89475494,0.069877622,-0.004122266,NA,NA
7/13/2023,LBL,lake,undisturbed,lake_undisturbed,NA,4,15.75150211,0.31622333,0.000619946,NA,NA
7/13/2023,LBL,lake,center,lake_center,NA,4,31.3355826,0.565019761,0.001457124,NA,NA
7/13/2023,LBL,lake,disturbed,lake_disturbed,NA,3,15.94341708,28.55318162,0.005499995,NA,NA
7/13/2023,LBL,lake,undisturbed,lake_undisturbed,NA,2,6.536195348,NA,-0.0110538,NA,NA
7/13/2023,LBL,lake,center,lake_center,NA,3,42.44301073,0.866105151,0.001303412,NA,NA
7/13/2023,LBL,lake,disturbed,lake_disturbed,NA,2,8.390231653,8.984146259,-4.68E-05,NA,NA
7/13/2023,LBL,lake,undisturbed,lake_undisturbed,NA,1,16.73301605,-0.160502133,0.007191918,NA,NA
7/13/2023,LBL,lake,disturbed,lake_disturbed,NA,1,2.568280914,3.104278799,0.0015932,NA,NA
7/16/2023,BBL,lake,center,lake_center,NA,3,17.81442483,0.524306458,0.000703715,NA,NA
7/16/2023,BBL,lake,center,lake_center,NA,4,11.71610261,0.27796278,-0.00571501,NA,NA
7/16/2023,BBL,lake,center,lake_center,NA,2,15.23462388,0.502672408,-0.005811943,NA,NA
7/16/2023,BBL,lake,center,lake_center,NA,1,13.98451576,0.431511358,-0.000767615,NA,NA
7/19/2023,EL,lake,center,lake_center,NA,4,-5.418301137,0.002466154,-0.010369904,NA,NA
7/19/2023,EL,lake,disturbed,lake_disturbed,NA,4,-1.755699738,14.12374516,-0.007145609,NA,NA
7/19/2023,EL,lake,center,lake_center,NA,3,-6.279347416,-0.065811345,-0.003674921,NA,NA
7/19/2023,EL,lake,disturbed,lake_disturbed,NA,3,-1.785885074,13.13067913,-0.000712128,NA,NA
7/19/2023,EL,lake,center,lake_center,NA,2,-4.064732783,0.052601282,0.004847593,NA,NA
7/19/2023,EL,lake,disturbed,lake_disturbed,NA,2,-1.705696537,-0.03486853,0.001779481,NA,NA
7/19/2023,EL,lake,center,lake_center,NA,1,-9.67742418,0.430881872,0.0033235,NA,NA
7/19/2023,EL,lake,disturbed,lake_disturbed,NA,1,4.835509964,12.13794737,0.010328084,NA,NA
7/19/2023,EL,lake,undisturbed,lake_undisturbed,NA,3,-11.14886696,7.900659288,-0.00359732,NA,NA
7/19/2023,EL,lake,undisturbed,lake_undisturbed,NA,4,-41.1918457,21.00222938,0.007558205,NA,NA
7/19/2023,EL,lake,undisturbed,lake_undisturbed,NA,2,6.257881537,22.46279448,0.005283203,NA,NA
7/19/2023,EL,lake,undisturbed,lake_undisturbed,NA,1,-0.429746037,1.064958847,0.005171258,NA,NA
7/31/2023,BBL,lake,center,lake_center,NA,1,-5.718911076,0.876032491,-0.019755457,NA,NA
7/31/2023,LBL,lake,center,lake_center,NA,1,23.62302388,1.012332808,-0.013374527,NA,NA
7/31/2023,LBL,lake,center,lake_center,NA,2,26.70767647,25.29312283,-0.015380011,NA,NA
7/31/2023,BBL,lake,disturbed,lake_disturbed,NA,2,18.1322262,0.333445459,-0.008276449,NA,NA
7/31/2023,BBL,lake,center,lake_center,NA,4,7.135531584,0.356126571,-0.027012344,NA,NA
7/31/2023,BBL,lake,center,lake_center,NA,2,-1.98629938,0.161043178,-0.027988776,NA,NA
7/31/2023,BBL,lake,center,lake_center,NA,3,-0.154783016,0.393147595,-0.017991511,NA,NA
7/31/2023,BBL,lake,disturbed,lake_disturbed,NA,1,11.57039132,5.173421662,0.404048094,NA,NA
7/31/2023,LBL,lake,disturbed,lake_disturbed,NA,4,13.18392645,NA,1.179038486,NA,NA
7/31/2023,LBL,lake,center,lake_center,NA,3,18.49046722,0.542519456,-0.01725916,NA,NA
7/31/2023,LBL,lake,center,lake_center,NA,4,19.66470386,0.546622337,-0.019682157,NA,NA
7/31/2023,LBL,lake,undisturbed,lake_undisturbed,NA,1,12.53697205,0.732193177,-0.018210102,NA,NA
7/31/2023,LBL,lake,disturbed,lake_disturbed,NA,3,6.514477887,6.991572436,-0.020589485,NA,NA
7/31/2023,LBL,lake,disturbed,lake_disturbed,NA,1,-4.384434925,3.015147496,0.609518838,NA,NA
7/31/2023,LBL,lake,disturbed,lake_disturbed,NA,2,9.37336501,0.648790914,-0.022513087,NA,NA
7/31/2023,BBL,lake,undisturbed,lake_undisturbed,NA,3,2.462779795,3.473457849,1.499694436,NA,NA
7/31/2023,BBL,lake,undisturbed,lake_undisturbed,NA,4,2.730854606,0.123802475,-0.005794514,NA,NA
7/31/2023,BBL,lake,disturbed,lake_disturbed,NA,3,38.20481785,0.243614779,-0.007014844,NA,NA
7/31/2023,BBL,lake,disturbed,lake_disturbed,NA,4,44.86577072,0.382083037,-0.005777594,NA,NA
7/31/2023,LBL,lake,undisturbed,lake_undisturbed,NA,4,9.096782713,0.013506958,0.82038002,NA,NA
7/31/2023,BBL,lake,undisturbed,lake_undisturbed,NA,1,2.721126627,-0.303862735,-0.004521129,NA,NA
7/31/2023,BBL,lake,undisturbed,lake_undisturbed,NA,2,-1.565009396,0.176582678,1.005415648,NA,NA
7/31/2023,LBL,lake,undisturbed,lake_undisturbed,NA,2,9.925513652,0.186966278,1.317465665,NA,NA
7/31/2023,LBL,lake,undisturbed,lake_undisturbed,NA,3,11.82520092,4.179184995,1.353118903,NA,NA
6/14/2022,BBL,tundra,undisturbed,tundra_undisturbed,y,BBI4,0.668349109,0.080671306,NA,29.96492157,-29.29657246
6/14/2022,BBL,tundra,undisturbed,tundra_undisturbed,y,BBI3,5.575084128,0.009709808,NA,22.39015149,-16.81506736
6/14/2022,BBL,tundra,undisturbed,tundra_undisturbed,y,BBI2,6.061580173,0.000508065,NA,22.15484352,-16.09326335
6/14/2022,BBL,tundra,undisturbed,tundra_undisturbed,y,BBI1,-11.93020113,0.003319197,NA,25.50461934,-37.43482047
6/14/2022,BBL,tundra,disturbed,tundra_disturbed,n,BBS1,3.692965073,0.011265644,NA,28.26071719,-24.56775212
6/14/2022,BBL,tundra,disturbed,tundra_disturbed,y,BBS2,7.947190554,0.012430507,NA,46.84628168,-38.89909113
6/14/2022,BBL,tundra,disturbed,tundra_disturbed,n,BBS3,4.336542054,0.014816678,NA,10.24526814,-5.908726086
6/14/2022,BBL,tundra,disturbed,tundra_disturbed,y,BBS4,14.17012847,0.012096183,NA,58.23771859,-44.06759012
6/15/2022,LBL,tundra,undisturbed,tundra_undisturbed,y,LBI1,-31.23779242,-0.001639045,NA,47.60210708,-78.8398995
6/15/2022,LBL,tundra,undisturbed,tundra_undisturbed,y,LBI2,31.09688439,0.001042981,NA,42.22596183,-11.12907744
6/15/2022,LBL,tundra,undisturbed,tundra_undisturbed,y,LBI3,8.750061339,0.002200567,NA,38.77716046,-30.02709912
6/15/2022,LBL,tundra,undisturbed,tundra_undisturbed,y,LBI4,43.77678134,0.003287425,NA,38.58422962,5.19255172
6/15/2022,LBL,tundra,disturbed,tundra_disturbed,y,LBS4,NA,0.002708942,NA,40.17013631,NA
6/15/2022,LBL,tundra,disturbed,tundra_disturbed,y,LBS1,-45.97189407,0.005732947,NA,18.67310997,-64.64500404
6/23/2022,LBL,tundra,undisturbed,tundra_undisturbed,y,LBI1,-84.84277328,-0.001339989,NA,79.74747836,-164.5902516
6/23/2022,LBL,tundra,undisturbed,tundra_undisturbed,y,LBI2,33.9895409,-0.00541769,NA,66.17897755,-32.18943665
6/23/2022,LBL,tundra,undisturbed,tundra_undisturbed,y,LBI3,-38.48586846,-0.003269034,NA,102.4429947,-140.9288632
6/23/2022,LBL,tundra,undisturbed,tundra_undisturbed,y,LBI4,35.61089708,-0.002982852,NA,52.55143708,-16.94054
6/23/2022,LBL,tundra,disturbed,tundra_disturbed,y,LBS4,-84.8093862,-0.000314495,NA,87.48935014,-172.2987363
6/23/2022,LBL,tundra,disturbed,tundra_disturbed,n,LBS2,-13.09276507,0.000268039,NA,62.83118744,-75.92395251
6/23/2022,LBL,tundra,disturbed,tundra_disturbed,y,LBS1,-108.013711,-0.00197841,NA,93.06751893,-201.0812299
6/25/2022,BBL,tundra,undisturbed,tundra_undisturbed,y,BBI1,-2.595365881,-0.005990507,NA,33.84068003,-36.43604591
6/25/2022,BBL,tundra,undisturbed,tundra_undisturbed,y,BBI2,-9.442193086,-0.003416352,NA,42.48370412,-51.92589721
6/25/2022,BBL,tundra,undisturbed,tundra_undisturbed,y,BBI3,-12.51837291,-0.002152175,NA,63.80664316,-76.32501607
6/25/2022,BBL,tundra,undisturbed,tundra_undisturbed,y,BBI3,-12.51837291,-0.002152175,NA,63.80664316,-76.32501607
6/25/2022,BBL,tundra,undisturbed,tundra_undisturbed,y,BBI4,37.00182391,-0.000600909,NA,113.8180569,-76.81623299
6/25/2022,BBL,tundra,disturbed,tundra_disturbed,y,BBS2,-42.18061096,0.003073257,NA,64.19783468,-106.3784456
6/25/2022,BBL,tundra,disturbed,tundra_disturbed,y,BBS4,-14.39209142,0.002313924,NA,72.88729118,-87.2793826
6/26/2022,LBL,tundra,undisturbed,tundra_undisturbed,y,LBI1,-64.54674314,-0.003746644,NA,91.28018585,-155.826929
6/26/2022,LBL,tundra,undisturbed,tundra_undisturbed,y,LBI2,25.64035205,-0.003636138,NA,76.66593807,-51.02558602
6/26/2022,LBL,tundra,undisturbed,tundra_undisturbed,y,LBI3,-91.10256857,-0.005145205,NA,94.39371609,-185.4962847
6/26/2022,LBL,tundra,undisturbed,tundra_undisturbed,y,LBI4,43.69072231,-0.002115097,NA,55.2937304,-11.60300809
6/26/2022,LBL,tundra,disturbed,tundra_disturbed,y,LBS4,-117.0433124,-0.004914395,NA,93.03941216,-210.0827246
6/26/2022,LBL,tundra,disturbed,tundra_disturbed,n,LBS2,-22.839947,-0.00144695,NA,90.42921856,-113.2691656
6/26/2022,LBL,tundra,disturbed,tundra_disturbed,y,LBS1,-114.1624191,-0.005056461,NA,159.9872135,-274.1496326
7/1/2022,LBL,tundra,undisturbed,tundra_undisturbed,y,LBI1,40.29495437,-0.008720787,NA,170.6644575,-130.3695031
7/1/2022,LBL,tundra,undisturbed,tundra_undisturbed,y,LBI2,-85.69742567,-0.058681492,NA,128.9170868,-214.6145125
7/1/2022,LBL,tundra,undisturbed,tundra_undisturbed,y,LBI3,122.2567336,-0.015189592,NA,165.290676,-43.0339424
7/1/2022,LBL,tundra,undisturbed,tundra_undisturbed,y,LBI4,62.54735489,-0.010631918,NA,84.11149909,-21.5641442
7/1/2022,LBL,tundra,disturbed,tundra_disturbed,y,LBS1,NA,NA,NA,NA,NA
7/1/2022,LBL,tundra,disturbed,tundra_disturbed,n,LBS2,-1.223110062,-0.008853252,NA,131.1809047,-132.4040148
7/1/2022,LBL,tundra,disturbed,tundra_disturbed,y,LBS4,-75.40879561,-0.006519976,NA,153.4810127,-228.8898083
7/2/2022,BBL,tundra,undisturbed,tundra_undisturbed,y,BBI1,20.96740826,-0.0313995,NA,58.27466218,-37.30725392
7/2/2022,BBL,tundra,undisturbed,tundra_undisturbed,y,BBI2,-9.664079883,-0.003277392,NA,82.88199715,-92.54607703
7/2/2022,BBL,tundra,undisturbed,tundra_undisturbed,y,BBI3,-42.86849479,-0.012387473,NA,122.0663026,-164.9347974
7/2/2022,BBL,tundra,undisturbed,tundra_undisturbed,y,BBI4,NA,-0.002140005,NA,99.84911331,NA
7/2/2022,BBL,tundra,disturbed,tundra_disturbed,n,BBS1,-0.298932841,-0.000607188,NA,39.58081146,-39.8797443
7/2/2022,BBL,tundra,disturbed,tundra_disturbed,y,BBS2,5.453802719,-0.002134103,NA,150.0658062,-144.6120035
7/2/2022,BBL,tundra,disturbed,tundra_disturbed,n,BBS3,-8.849104022,-0.003109873,NA,22.82716501,-31.67626903
7/2/2022,BBL,tundra,disturbed,tundra_disturbed,y,BBS4,0.689645846,-0.007457515,NA,203.8418953,-203.1522495
7/4/2022,LBL,tundra,undisturbed,tundra_undisturbed,y,LBI1,96.53876831,-0.019159036,NA,NA,NA
7/4/2022,LBL,tundra,undisturbed,tundra_undisturbed,y,LBI2,129.6326844,-0.016150807,NA,NA,NA
7/4/2022,LBL,tundra,undisturbed,tundra_undisturbed,y,LBI3,-90.2792443,-0.015351299,NA,128.970007,-219.2492513
7/4/2022,LBL,tundra,undisturbed,tundra_undisturbed,y,LBI4,116.483664,-0.010674479,NA,110.8777824,5.6058816
7/4/2022,LBL,tundra,disturbed,tundra_disturbed,y,LBS4,0.054410259,-0.006501602,NA,NA,NA
7/4/2022,LBL,tundra,disturbed,tundra_disturbed,n,LBS2,NA,-0.013250859,NA,NA,NA
7/4/2022,LBL,tundra,disturbed,tundra_disturbed,y,LBS1,0.277525551,-0.006530167,NA,NA,NA
7/6/2022,BBL,tundra,undisturbed,tundra_undisturbed,y,BBI4,83.36165786,-0.044596181,NA,77.37905351,5.98260435
7/6/2022,BBL,tundra,undisturbed,tundra_undisturbed,y,BBI3,-19.67819433,-0.002022692,NA,104.7805348,-124.4587291
7/6/2022,BBL,tundra,undisturbed,tundra_undisturbed,y,BBI2,-82.2982271,-0.07876794,NA,53.73591704,-136.0341441
7/6/2022,BBL,tundra,undisturbed,tundra_undisturbed,y,BBI1,0.176131561,-0.034385445,NA,65.74153234,-65.56540078
7/6/2022,BBL,tundra,disturbed,tundra_disturbed,n,BBS1,2.169415527,-0.014571573,NA,NA,NA
7/6/2022,BBL,tundra,disturbed,tundra_disturbed,y,BBS2,-73.82826967,-0.008382717,NA,113.472544,-187.3008137
7/6/2022,BBL,tundra,disturbed,tundra_disturbed,n,BBS3,-10.20192044,-0.00157121,NA,21.57972838,-31.78164882
7/6/2022,BBL,tundra,disturbed,tundra_disturbed,y,BBS4,-85.95968436,0.022413249,NA,127.0213671,-212.9810515
7/10/2022,LBL,tundra,undisturbed,tundra_undisturbed,y,LBI1,NA,-0.021971856,NA,106.5151298,NA
7/10/2022,LBL,tundra,undisturbed,tundra_undisturbed,y,LBI2,38.3580915,-0.030581952,NA,97.09929253,-58.74120103
7/10/2022,LBL,tundra,undisturbed,tundra_undisturbed,y,LBI3,NA,-0.020447714,NA,89.58926296,NA
7/10/2022,LBL,tundra,undisturbed,tundra_undisturbed,y,LBI4,32.42580561,-0.024364208,NA,95.11839031,-62.6925847
7/10/2022,LBL,tundra,disturbed,tundra_disturbed,y,LBS4,-200.3703428,-0.003821346,NA,131.0808307,-331.4511735
7/10/2022,LBL,tundra,disturbed,tundra_disturbed,n,LBS2,-11.04581293,-0.008088615,NA,62.84544108,-73.89125401
7/10/2022,LBL,tundra,disturbed,tundra_disturbed,y,LBS1,NA,0.000820934,NA,239.9814023,NA
7/14/2022,BBL,tundra,undisturbed,tundra_undisturbed,y,BBI4,-5.459985532,-0.003280908,NA,NA,NA
7/14/2022,BBL,tundra,undisturbed,tundra_undisturbed,y,BBI3,-63.06178938,-0.033319608,NA,24.09128152,-87.1530709
7/14/2022,BBL,tundra,undisturbed,tundra_undisturbed,y,BBI2,4.812395266,-0.097711834,NA,71.19426425,-66.38186898
7/14/2022,BBL,tundra,undisturbed,tundra_undisturbed,y,BBI1,-10.90550195,-0.056439129,NA,20.35213623,-31.25763818
7/14/2022,BBL,tundra,disturbed,tundra_disturbed,n,BBS1,-8.524043087,-0.001171013,NA,9.603480029,-18.12752312
7/14/2022,BBL,tundra,disturbed,tundra_disturbed,y,BBS2,-59.16461693,-0.001200849,NA,32.29968613,-91.46430306
7/14/2022,BBL,tundra,disturbed,tundra_disturbed,n,BBS3,-4.562157284,-0.001172686,NA,8.55449568,-13.11665296
7/14/2022,BBL,tundra,disturbed,tundra_disturbed,y,BBS4,-110.3115856,-0.00827058,NA,22.11309962,-132.4246852
7/16/2022,LBL,tundra,undisturbed,tundra_undisturbed,y,LBI1,57.93785878,-0.047974238,NA,135.0682176,-77.13035882
7/16/2022,LBL,tundra,undisturbed,tundra_undisturbed,y,LBI2,33.34321424,-0.024708788,NA,66.96649346,-33.62327922
7/16/2022,LBL,tundra,undisturbed,tundra_undisturbed,y,LBI3,-51.17711556,-0.025242011,NA,65.28995423,-116.4670698
7/16/2022,LBL,tundra,undisturbed,tundra_undisturbed,y,LBI4,50.130816,-0.024824827,NA,60.61051078,-10.47969478
7/16/2022,LBL,tundra,disturbed,tundra_disturbed,y,LBS4,-47.19615664,-0.00403504,NA,89.00809387,-136.2042505
7/16/2022,LBL,tundra,disturbed,tundra_disturbed,n,LBS2,16.78947212,-0.010034685,NA,75.97160232,-59.1821302
7/16/2022,LBL,tundra,disturbed,tundra_disturbed,y,LBS1,-69.78567336,-0.007930007,NA,165.2933374,-235.0790108
7/21/2022,LBL,tundra,undisturbed,tundra_undisturbed,y,LBI1,39.35791672,-0.017677977,NA,NA,NA
7/21/2022,LBL,tundra,undisturbed,tundra_undisturbed,y,LBI2,NA,-0.038941024,NA,NA,NA
7/21/2022,LBL,tundra,undisturbed,tundra_undisturbed,y,LBI3,-139.3311725,-0.02065281,NA,126.8748091,-266.2059816
7/21/2022,LBL,tundra,undisturbed,tundra_undisturbed,y,LBI4,NA,-0.018674021,NA,150.8301043,NA
7/21/2022,LBL,tundra,disturbed,tundra_disturbed,y,LBS4,-183.5574383,-0.001791671,NA,120.2126994,-303.7701377
7/21/2022,LBL,tundra,disturbed,tundra_disturbed,n,LBS2,-17.20582618,-0.006623698,NA,74.27513656,-91.48096274
7/21/2022,LBL,tundra,disturbed,tundra_disturbed,y,LBS1,NA,-0.006223652,NA,151.32797,NA
7/24/2022,BBL,tundra,undisturbed,tundra_undisturbed,y,BBI4,81.60132671,-0.095620483,NA,NA,NA
7/24/2022,BBL,tundra,undisturbed,tundra_undisturbed,y,BBI3,-41.88185891,-0.027485213,NA,67.37819706,-109.260056
7/24/2022,BBL,tundra,undisturbed,tundra_undisturbed,y,BBI2,-50.86750585,-0.050175938,NA,84.46710891,-135.3346148
7/24/2022,BBL,tundra,undisturbed,tundra_undisturbed,y,BBI1,-2.817056279,-0.079159751,NA,86.0068835,-88.82393978
7/24/2022,BBL,tundra,disturbed,tundra_disturbed,n,BBS1,-15.15632523,-0.004615884,NA,26.85552022,-42.01184545
7/24/2022,BBL,tundra,disturbed,tundra_disturbed,y,BBS2,-108.9053193,-0.014700378,NA,87.76735803,-196.6726773
7/24/2022,BBL,tundra,disturbed,tundra_disturbed,y,BBS4,-114.9948081,-0.017422322,NA,183.6388272,-298.6336353
7/25/2022,LBL,tundra,undisturbed,tundra_undisturbed,y,LBI1,NA,NA,NA,NA,NA
7/25/2022,LBL,tundra,undisturbed,tundra_undisturbed,y,LBI2,NA,-0.049390597,NA,183.6536164,NA
7/25/2022,LBL,tundra,undisturbed,tundra_undisturbed,y,LBI3,-162.708974,-0.05465848,NA,135.7877911,-298.4967651
7/25/2022,LBL,tundra,undisturbed,tundra_undisturbed,y,LBI4,43.83645329,-0.019804061,NA,137.3375839,-93.50113061
7/25/2022,LBL,tundra,disturbed,tundra_disturbed,y,LBS4,-111.647118,2.16E-06,NA,101.0205738,-212.6676918
7/25/2022,LBL,tundra,disturbed,tundra_disturbed,n,LBS2,-8.887106721,-0.011883166,NA,62.37683622,-71.26394294
7/25/2022,LBL,tundra,disturbed,tundra_disturbed,y,LBS1,NA,-0.005861872,NA,NA,NA
8/23/2022,BBL,tundra,undisturbed,tundra_undisturbed,y,BBI4,-0.200864387,-0.007609983,NA,86.97245073,-87.17331512
8/23/2022,BBL,tundra,undisturbed,tundra_undisturbed,y,BBI3,-138.7383287,-0.02811793,NA,61.79659491,-200.5349236
8/23/2022,BBL,tundra,undisturbed,tundra_undisturbed,y,BBI2,-58.32883069,-0.026887104,NA,74.2394003,-132.568231
8/23/2022,BBL,tundra,undisturbed,tundra_undisturbed,y,BBI1,-27.17226129,-0.027086632,NA,38.35310899,-65.52537028
8/23/2022,BBL,tundra,disturbed,tundra_disturbed,n,BBS1,-26.31371332,-0.001437025,NA,16.7840712,-43.09778452
8/23/2022,BBL,tundra,disturbed,tundra_disturbed,y,BBS2,-83.17690193,-0.001272643,NA,61.71326529,-144.8901672
8/23/2022,BBL,tundra,disturbed,tundra_disturbed,n,BBS3,-13.17185625,-0.002212231,NA,8.553765626,-21.72562188
8/23/2022,BBL,tundra,disturbed,tundra_disturbed,y,BBS4,-106.5621398,-0.008563329,NA,97.04540886,-203.6075487
8/23/2022,LBL,tundra,undisturbed,tundra_undisturbed,y,LBI1,2.915230982,-0.03039876,NA,82.07408032,-79.15884934
8/23/2022,LBL,tundra,undisturbed,tundra_undisturbed,y,LBI2,68.47521134,-0.015803865,NA,77.1551299,-8.67991856
8/23/2022,LBL,tundra,undisturbed,tundra_undisturbed,y,LBI3,-137.9389893,-0.019997224,NA,80.15118993,-218.0901792
8/23/2022,LBL,tundra,undisturbed,tundra_undisturbed,y,LBI4,45.61636666,-0.0224826,NA,93.43297437,-47.81660771
8/23/2022,LBL,tundra,disturbed,tundra_disturbed,y,LBS4,-78.81696468,-0.015553029,NA,60.25372233,-139.070687
8/23/2022,LBL,tundra,disturbed,tundra_disturbed,n,LBS2,-3.108391894,-0.001007204,NA,53.16266099,-56.27105288
8/23/2022,LBL,tundra,disturbed,tundra_disturbed,y,LBS1,NA,-0.005958779,NA,93.64596086,NA
8/26/2022,EL,tundra,undisturbed,tundra_undisturbed,y,ELI1,-24.77552008,-0.00390728,NA,53.20617664,-77.98169672
8/26/2022,EL,tundra,undisturbed,tundra_undisturbed,y,ELI2,-87.23875075,0.007627952,NA,67.1305865,-154.3693373
8/26/2022,EL,tundra,undisturbed,tundra_undisturbed,y,ELI3,-26.28395358,-0.009961939,NA,63.09561898,-89.37957256
8/26/2022,EL,tundra,undisturbed,tundra_undisturbed,y,ELI4,-49.13134599,-0.00115977,NA,93.89436988,-143.0257159
8/26/2022,EL,tundra,disturbed,tundra_disturbed,y,ELL1,-29.72401689,0.000108625,NA,30.72287179,-60.44688868
8/26/2022,EL,tundra,disturbed,tundra_disturbed,y,ELL2,-13.60405392,0.00190974,NA,32.83520434,-46.43925826
8/26/2022,EL,tundra,disturbed,tundra_disturbed,y,ELL4,-2.5766264,-0.000807237,NA,87.55936483,-90.13599123
8/26/2022,EL,tundra,disturbed,tundra_disturbed,n,ELU4,-38.07558043,0.001304341,NA,5.174276359,-43.24985679
8/26/2022,EL,tundra,disturbed,tundra_disturbed,y,ELU2,NA,-0.013243647,NA,195.4121677,NA
8/26/2022,EL,tundra,disturbed,tundra_disturbed,n,ELU1,-29.5460412,NA,NA,NA,NA
6/27/2023,LBL,tundra,undisturbed,tundra_undisturbed,y,LBI1,NA,-0.027295039,NA,131.0383533,NA
6/27/2023,LBL,tundra,undisturbed,tundra_undisturbed,y,LBI2,15.17691185,-0.0312896,NA,118.0145463,-102.8376345
6/27/2023,LBL,tundra,undisturbed,tundra_undisturbed,y,LBI3,-312.4050979,0.005734834,NA,70.20189726,-382.6069952
6/27/2023,LBL,tundra,undisturbed,tundra_undisturbed,y,LBI4,102.5177379,-0.010990654,NA,77.82689299,24.69084491
6/27/2023,LBL,tundra,disturbed,tundra_disturbed,y,LBS4,-136.3774076,-0.002895899,NA,167.861325,-304.2387326
6/27/2023,LBL,tundra,disturbed,tundra_disturbed,n,LBS2,-2.037674844,-0.006611371,NA,71.6505675,-73.68824234
6/27/2023,LBL,tundra,disturbed,tundra_disturbed,y,LBS1,NA,-0.003009273,NA,230.1818414,NA
6/30/2023,BBL,tundra,undisturbed,tundra_undisturbed,y,BBI2,-78.19196253,-0.020474593,NA,69.60339334,-147.7953559
6/30/2023,BBL,tundra,undisturbed,tundra_undisturbed,y,BBI1,-8.029419988,-0.039012899,NA,82.56468319,-90.59410318
6/30/2023,BBL,tundra,undisturbed,tundra_undisturbed,y,BBI4,42.52843803,-0.05307543,NA,110.6659453,-68.13750727
6/30/2023,BBL,tundra,undisturbed,tundra_undisturbed,y,BBI3,-127.2997505,-0.072735476,NA,174.0413987,-301.3411492
6/30/2023,BBL,tundra,disturbed,tundra_disturbed,n,BBS1,-8.893621052,0.004718998,NA,43.95110286,-52.84472391
6/30/2023,BBL,tundra,disturbed,tundra_disturbed,y,BBS2,-176.282954,-0.044918081,NA,111.2155327,-287.4984867
6/30/2023,BBL,tundra,disturbed,tundra_disturbed,n,BBS3,-13.23334965,-0.000254834,NA,33.24256624,-46.47591589
6/30/2023,BBL,tundra,disturbed,tundra_disturbed,y,BBS4,NA,-0.005856497,NA,158.8512176,NA
7/1/2023,EL,tundra,undisturbed,tundra_undisturbed,y,ELI1,-108.1642706,0.000600718,NA,69.97140296,-178.1356736
7/1/2023,EL,tundra,undisturbed,tundra_undisturbed,y,ELI2,-282.6465876,-0.003680286,NA,96.16036175,-378.8069494
7/1/2023,EL,tundra,undisturbed,tundra_undisturbed,y,ELI3,-173.0751186,-0.009913924,NA,52.16501935,-225.240138
7/1/2023,EL,tundra,undisturbed,tundra_undisturbed,y,ELI4,NA,-0.043135863,NA,122.3669439,NA
7/1/2023,EL,tundra,disturbed,tundra_disturbed,n,ELU4,-101.155847,0.00160422,NA,55.04742761,-156.2032746
7/1/2023,EL,tundra,disturbed,tundra_disturbed,y,ELU3,-175.2238314,-0.048258428,NA,NA,NA
7/1/2023,EL,tundra,disturbed,tundra_disturbed,y,ELU2,-364.5458449,-0.018222888,NA,141.3522511,-505.898096
7/1/2023,EL,tundra,disturbed,tundra_disturbed,n,ELU1,-99.15932653,-0.002958454,NA,71.89523553,-171.0545621
7/1/2023,EL,tundra,disturbed,tundra_disturbed,y,ELL1,-53.70039433,0.002336339,NA,77.39497692,-131.0953713
7/1/2023,EL,tundra,disturbed,tundra_disturbed,y,ELL2,-0.036945643,-0.000723507,NA,102.0283064,-102.065252
7/1/2023,EL,tundra,disturbed,tundra_disturbed,y,ELL3,-304.0588507,-0.000615464,NA,136.4400963,-440.498947
7/5/2023,LBL,tundra,disturbed,tundra_disturbed,n,LBS2,-11.38873045,-0.008275256,NA,55.69715866,-67.08588911
7/5/2023,LBL,tundra,disturbed,tundra_disturbed,y,LBS1,-254.1712725,-0.007513071,NA,161.639405,-415.8106775
7/5/2023,LBL,tundra,disturbed,tundra_disturbed,y,LBS4,-144.7750147,-0.00120937,NA,123.0743892,-267.8494039
7/5/2023,LBL,tundra,undisturbed,tundra_undisturbed,y,LBI4,24.35769356,-0.018973549,NA,61.42492366,-37.0672301
7/5/2023,LBL,tundra,undisturbed,tundra_undisturbed,y,LBI3,-96.23621162,-0.015391078,NA,73.06496484,-169.3011765
7/5/2023,LBL,tundra,undisturbed,tundra_undisturbed,y,LBI2,86.5934503,-0.03133265,NA,80.87695044,5.71649986
7/5/2023,LBL,tundra,undisturbed,tundra_undisturbed,y,LBI1,9.335383131,-0.013261843,NA,85.41854629,-76.08316316
7/5/2023,BBL,tundra,disturbed,tundra_disturbed,y,BBS4,-106.9468982,-0.006661929,NA,65.35839171,-172.3052899
7/5/2023,BBL,tundra,disturbed,tundra_disturbed,n,BBS3,-11.53223701,-0.001742579,NA,22.29740624,-33.82964325
7/5/2023,BBL,tundra,disturbed,tundra_disturbed,y,BBS2,-116.7510282,-0.003232988,NA,69.37941432,-186.1304425
7/5/2023,BBL,tundra,disturbed,tundra_disturbed,n,BBS1,-12.29403169,-0.002066816,NA,30.95168637,-43.24571806
7/5/2023,BBL,tundra,undisturbed,tundra_undisturbed,y,BBI1,-27.31515691,-0.060938604,NA,55.29458426,-82.60974117
7/5/2023,BBL,tundra,undisturbed,tundra_undisturbed,y,BBI2,-72.09981434,-0.119302656,NA,67.25063458,-139.3504489
7/5/2023,BBL,tundra,undisturbed,tundra_undisturbed,y,BBI3,-166.925187,-0.041451145,NA,105.8808579,-272.8060449
7/5/2023,BBL,tundra,undisturbed,tundra_undisturbed,y,BBI4,34.51106441,-0.02394761,NA,49.65183168,-15.14076727
7/17/2023,LBL,tundra,undisturbed,tundra_undisturbed,y,LBI2,-44.33288003,-0.030111433,NA,147.0394294,-191.3723094
7/17/2023,LBL,tundra,undisturbed,tundra_undisturbed,y,LBI1,-85.62307858,-0.026158256,NA,162.6675632,-248.2906418
7/17/2023,LBL,tundra,undisturbed,tundra_undisturbed,y,LBI3,-272.9081469,-0.027349362,NA,NA,NA
7/17/2023,LBL,tundra,undisturbed,tundra_undisturbed,y,LBI4,0.000930446,-0.025994047,NA,NA,NA
7/17/2023,LBL,tundra,disturbed,tundra_disturbed,y,LBS4,-215.9958073,-0.003504812,NA,180.3258045,-396.3216118
7/17/2023,LBL,tundra,disturbed,tundra_disturbed,n,LBS2,-62.63564483,-0.005580264,NA,110.1776811,-172.8133259
7/17/2023,LBL,tundra,disturbed,tundra_disturbed,y,LBS1,NA,-0.011431094,NA,NA,NA
7/17/2023,BBL,tundra,disturbed,tundra_disturbed,n,BBS3,-8.032075916,0.000315428,NA,33.88726903,-41.91934495
7/17/2023,BBL,tundra,disturbed,tundra_disturbed,y,BBS4,127.7113778,-0.004825853,NA,0,127.7113778
7/17/2023,BBL,tundra,disturbed,tundra_disturbed,y,BBS2,-214.6374751,-0.005358276,NA,123.4095863,-338.0470614
7/17/2023,BBL,tundra,disturbed,tundra_disturbed,n,BBS1,-17.89314026,-0.000698272,NA,46.03756851,-63.93070877
7/17/2023,BBL,tundra,undisturbed,tundra_undisturbed,y,BBI1,6.176263456,-0.058679949,NA,83.68734707,-77.51108361
7/17/2023,BBL,tundra,undisturbed,tundra_undisturbed,y,BBI2,-106.6282016,-0.080814435,NA,142.4589464,-249.087148
7/17/2023,BBL,tundra,undisturbed,tundra_undisturbed,y,BBI3,-166.9794071,-0.042964796,NA,102.9660314,-269.9454385
7/17/2023,BBL,tundra,undisturbed,tundra_undisturbed,y,BBI4,NA,-0.085994125,NA,NA,NA
7/19/2023,EL,tundra,undisturbed,tundra_undisturbed,y,ELI1,-49.54856437,-0.018262196,NA,96.53794268,-146.0865071
7/19/2023,EL,tundra,undisturbed,tundra_undisturbed,y,ELI2,-94.8523279,-0.02125136,NA,128.7778676,-223.6301955
7/19/2023,EL,tundra,undisturbed,tundra_undisturbed,y,ELI3,-71.01148073,-0.053058944,NA,57.14628835,-128.1577691
7/19/2023,EL,tundra,undisturbed,tundra_undisturbed,y,ELI4,-104.8219888,-0.011965078,NA,67.52508075,-172.3470696
7/19/2023,EL,tundra,disturbed,tundra_disturbed,n,ELU4,NA,-0.006106655,NA,NA,NA
7/19/2023,EL,tundra,disturbed,tundra_disturbed,y,ELU3,-66.99743057,-0.117059347,NA,171.4854217,-238.4828523
7/19/2023,EL,tundra,disturbed,tundra_disturbed,y,ELU2,-205.5964863,-0.042414567,NA,148.8839853,-354.4804716
7/19/2023,EL,tundra,disturbed,tundra_disturbed,n,ELU1,-73.95789135,-0.001029273,NA,73.96686448,-147.9247558
7/19/2023,EL,tundra,disturbed,tundra_disturbed,y,ELL1,-19.66793614,0.002384725,NA,89.13563235,-108.8035685
7/19/2023,EL,tundra,disturbed,tundra_disturbed,y,ELL2,-52.35837095,-0.000930106,NA,116.8058254,-169.1641964
7/19/2023,EL,tundra,disturbed,tundra_disturbed,y,ELL3,NA,-0.002243511,NA,177.7622269,NA
7/19/2023,EL,tundra,disturbed,tundra_disturbed,y,ELL4,-151.1616622,-0.004355968,NA,111.1991116,-262.3607738
7/28/2023,LBL,tundra,undisturbed,tundra_undisturbed,y,LBI1,NA,-0.012966511,NA,96.57944708,NA
7/28/2023,LBL,tundra,undisturbed,tundra_undisturbed,y,LBI2,20.98646925,-0.050218901,NA,161.1076031,-140.1211339
7/28/2023,LBL,tundra,undisturbed,tundra_undisturbed,y,LBI3,-197.0913431,-0.029521312,NA,NA,NA
7/28/2023,LBL,tundra,undisturbed,tundra_undisturbed,y,LBI4,13.53097671,-0.033755679,NA,116.7536163,-103.2226396
7/28/2023,LBL,tundra,disturbed,tundra_disturbed,y,LBS4,-128.2001369,-0.000542247,NA,146.3921862,-274.5923231
7/28/2023,LBL,tundra,disturbed,tundra_disturbed,n,LBS2,1.523109761,-0.012247306,NA,86.1442378,-84.62112804
7/28/2023,LBL,tundra,disturbed,tundra_disturbed,y,LBS1,NA,-0.012675623,NA,155.3233717,NA
6/25/2022,BBL,tundra,disturbed,tundra_disturbed,n,BBS1,NA,0.000401153,NA,29.81521066,NA
6/25/2022,BBL,tundra,disturbed,tundra_disturbed,n,BBS3,NA,0.001380106,NA,15.9546862,NA
7/24/2022,BBL,tundra,disturbed,tundra_disturbed,n,BBS3,NA,NA,NA,3.995705059,NA
8/26/2022,EL,tundra,disturbed,tundra_disturbed,y,ELL3,NA,-0.002595044,NA,61.92378901,NA
8/26/2022,EL,tundra,disturbed,tundra_disturbed,y,ELU3,NA,-0.013560807,NA,134.8844903,NA
7/1/2023,EL,tundra,disturbed,tundra_disturbed,y,ELL4,NA,0.000700656,NA,109.1055377,NA
7/29/2023,BBL,tundra,disturbed,tundra_disturbed,n,BBS1,NA,NA,-0.015546141,NA,NA
7/29/2023,BBL,tundra,disturbed,tundra_disturbed,y,BBS2,NA,NA,-0.021196022,NA,NA
7/29/2023,BBL,tundra,disturbed,tundra_disturbed,n,BBS3,NA,NA,-0.019879631,NA,NA
7/29/2023,BBL,tundra,disturbed,tundra_disturbed,y,BBS4,NA,NA,-0.022651146,NA,NA
7/29/2023,BBL,tundra,undisturbed,tundra_undisturbed,y,BBI1,NA,NA,-0.034794136,NA,NA
7/29/2023,BBL,tundra,undisturbed,tundra_undisturbed,y,BBI2,NA,NA,-0.007922248,NA,NA
7/29/2023,BBL,tundra,undisturbed,tundra_undisturbed,y,BBI3,NA,NA,-0.011499675,NA,NA
7/29/2023,BBL,tundra,undisturbed,tundra_undisturbed,y,BBI4,NA,NA,-0.0319644,NA,NA
7/28/2023,LBL,tundra,disturbed,tundra_disturbed,y,LBS1,NA,NA,0.002378255,NA,NA
7/28/2023,LBL,tundra,disturbed,tundra_disturbed,n,LBS2,NA,NA,0.048916241,NA,NA
7/28/2023,LBL,tundra,disturbed,tundra_disturbed,y,LBS3,NA,NA,0.024678947,NA,NA
7/28/2023,LBL,tundra,disturbed,tundra_disturbed,y,LBS4,NA,NA,-0.001182922,NA,NA
7/28/2023,LBL,tundra,undisturbed,tundra_undisturbed,y,LBI1,NA,NA,0.037908705,NA,NA
7/28/2023,LBL,tundra,undisturbed,tundra_undisturbed,y,LBI2,NA,NA,-0.006663961,NA,NA
7/28/2023,LBL,tundra,undisturbed,tundra_undisturbed,y,LBI3,NA,NA,-0.000275481,NA,NA
7/28/2023,LBL,tundra,undisturbed,tundra_undisturbed,y,LBI4,NA,NA,0.003591897,NA,NA
